,1586409878.913083,L,0,0
R,0.06296348571777344,R,1586409879.5688949,0.6558117866516113
L,0.12878870964050293,RL,15.124704599380493,15.06174111366272
L,0.022715091705322266,LL,0.34635186195373535,0.21756315231323242
L,0.15118646621704102,LL,0.0,-0.022715091705322266
R,0.010004997253417969,LR,0.7404348850250244,0.5892484188079834
R,0.04038500785827637,RR,0.0,-0.010004997253417969
L,0.07512235641479492,RL,0.0859231948852539,0.04553818702697754
L,0.01676177978515625,LL,0.16955900192260742,0.0944366455078125
R,0.005187511444091797,LR,0.052074432373046875,0.035312652587890625
R,0.009161949157714844,RR,0.11365628242492676,0.10846877098083496
R,0.014460086822509766,RR,0.0,-0.009161949157714844
L,0.1011652946472168,RL,0.048598289489746094,0.03413820266723633
L,0.1041567325592041,LL,0.0,-0.1011652946472168
R,0.006096839904785156,LR,0.23358535766601562,0.12942862510681152
L,0.055718183517456055,RL,0.10177373886108398,0.09567689895629883
R,0.06306314468383789,LR,0.0786130428314209,0.022894859313964844
R,0.08470344543457031,RR,0.0,-0.06306314468383789
R,0.006070375442504883,RR,0.139631986618042,0.05492854118347168
R,0.15538716316223145,RR,0.0,-0.006070375442504883
R,0.009984970092773438,RR,0.16531109809875488,0.009923934936523438
R,0.001932382583618164,RR,0.1389310359954834,0.12894606590270996
R,0.12589216232299805,RR,0.0,-0.001932382583618164
L,0.01994466781616211,RL,0.14694523811340332,0.021053075790405273
R,0.04316139221191406,LR,0.02668619155883789,0.006741523742675781
R,0.0037157535552978516,RR,0.08190751075744629,0.03874611854553223
R,0.07694745063781738,RR,0.0,-0.0037157535552978516
R,0.0013494491577148438,RR,0.123870849609375,0.04692339897155762
L,0.001991748809814453,RL,0.1454148292541504,0.14406538009643555
L,0.053859710693359375,LL,0.0,-0.001991748809814453
L,0.1372382640838623,LL,0.0,-0.053859710693359375
R,0.0021805763244628906,LR,0.1749744415283203,0.03773617744445801
L,0.026362895965576172,RL,0.020674705505371094,0.018494129180908203
R,0.07581734657287598,LR,0.029377460479736328,0.0030145645141601562
R,0.0528714656829834,RR,0.09500575065612793,0.019188404083251953
R,0.019072294235229492,RR,0.15076756477355957,0.09789609909057617
L,0.03133225440979004,RL,0.1077725887298584,0.0887002944946289
R,0.006415843963623047,LR,0.03457069396972656,0.0032384395599365234
R,0.08368563652038574,RR,0.0,-0.006415843963623047
L,0.06768155097961426,RL,0.1269073486328125,0.04322171211242676
L,0.09770464897155762,LL,0.0,-0.06768155097961426
R,0.10745024681091309,LR,0.19486451148986816,0.09715986251831055
R,0.059276580810546875,RR,0.13412714004516602,0.02667689323425293
L,0.025200843811035156,RL,0.14450526237487793,0.08522868156433105
R,0.009505033493041992,LR,0.0288541316986084,0.003653287887573242
L,0.0325314998626709,LL,1586409899.0075822,1586409899.0075822
L,0.03249669075012207,RL,0.13305020332336426,0.12354516983032227
R,0.050545692443847656,LR,0.04892611503601074,0.016429424285888672
R,0.05154561996459961,LR,0.04966402053833008,0.01713252067565918
R,0.05750226974487305,RR,0.0,-0.050545692443847656
R,0.05750226974487305,RR,0.0,-0.05154561996459961
L,0.04713773727416992,RL,0.0743255615234375,0.016823291778564453
L,0.04713773727416992,RL,0.0743255615234375,0.016823291778564453
R,0.013952970504760742,LR,0.053125858306884766,0.005988121032714844
R,0.014942169189453125,LR,0.053125858306884766,0.005988121032714844
R,0.04758000373840332,RR,0.06110215187072754,0.046159982681274414
R,0.04758000373840332,RR,0.06110215187072754,0.0471491813659668
L,0.025670766830444336,RL,0.06180071830749512,0.014220714569091797
L,0.0262148380279541,RL,0.06125664710998535,0.013676643371582031
L,0.004778861999511719,LL,0.043915510177612305,0.017700672149658203
L,0.005776882171630859,LL,0.04337143898010254,0.017700672149658203
L,0.03273439407348633,LL,0.07032155990600586,0.06554269790649414
L,0.03255033493041992,LL,0.07050561904907227,0.0647287368774414
L,0.07403397560119629,LL,0.0,-0.03255033493041992
L,0.0742180347442627,LL,0.0,-0.03273439407348633
L,0.09714984893798828,LL,0.0,-0.0742180347442627
L,0.09696578979492188,LL,0.0,-0.07403397560119629
R,0.05433058738708496,LR,0.1299142837524414,0.032764434814453125
R,0.055328369140625,LR,0.129730224609375,0.032764434814453125
R,0.11127924919128418,RR,0.0,-0.05433058738708496
R,0.11127924919128418,RR,0.0,-0.055328369140625
R,0.1357734203338623,RR,0.0,-0.11127924919128418
R,0.1357734203338623,RR,0.0,-0.11127924919128418
L,0.09981131553649902,RL,0.34865331649780273,0.21287989616394043
L,0.10181736946105957,RL,0.34762001037597656,0.21184659004211426
L,0.03271174430847168,LL,0.10732150077819824,0.007510185241699219
L,0.032266855239868164,LL,0.10879969596862793,0.006982326507568359
L,0.04922151565551758,LL,0.0,-0.032266855239868164
L,0.049666404724121094,LL,0.0,-0.03271174430847168
L,0.09363055229187012,LL,0.0,-0.04922151565551758
L,0.09407544136047363,LL,0.0,-0.049666404724121094
L,0.03289318084716797,LL,40.57466197013855,40.48103141784668
L,0.03493094444274902,LL,40.57510685920715,40.48103141784668
L,0.04185795783996582,LL,0.27248334884643555,0.23959016799926758
L,0.03908514976501465,LL,0.28955793380737305,0.254626989364624
L,0.09253597259521484,LL,1586410352.5676107,1586410352.5676107
L,0.0942237377166748,LL,411.6947672367096,411.6556820869446

L,0.10971522331237793,LL,1586410352.5676107,1586410352.5676107
L,0.10971522331237793,LL,1586410352.5676107,1586410352.5676107
L,0.10925149917602539,LL,1586410352.5680745,1586410352.5680745
L,0.09621977806091309,LL,1586410352.5666146,1586410352.5666146
L,0.09522366523742676,LL,1586410352.5676107,1586410352.5676107
R,0.06794381141662598,LR,0.22838497161865234,0.11866974830627441
R,0.07259464263916016,LR,0.22439312934875488,0.1281733512878418
R,0.08383536338806152,LR,0.21202969551086426,0.10277819633483887
R,0.06760644912719727,LR,0.22439312934875488,0.13016939163208008
R,0.06760644912719727,LR,0.22339701652526855,0.1281733512878418
R,0.08383536338806152,LR,0.2124934196472168,0.10277819633483887
R,0.09255099296569824,LR,0.21349120140075684,0.12095522880554199
R,0.09504222869873047,RR,0.21213388442993164,0.1195828914642334
R,0.09594440460205078,RR,0.21412920951843262,0.1302938461303711

R,0.09694194793701172,RR,0.20222806930541992,0.12963342666625977
R,0.09592986106872559,RR,0.2013404369354248,0.13373398780822754
R,0.09782958030700684,RR,0.20032787322998047,0.13373398780822754
R,0.09694194793701172,RR,0.20222806930541992,0.13462162017822266
L,0.05308651924133301,RL,0.10492324829101562,0.007981300354003906
L,0.05167341232299805,RL,0.11032462120056152,0.013382673263549805
L,0.04668569564819336,RL,0.10932707786560059,0.013382673263549805
L,0.04668569564819336,RL,0.11032462120056152,0.013382673263549805
L,0.0467679500579834,RL,0.11124181747436523,0.014299869537353516
L,0.060065269470214844,RL,0.10282039642333984,0.006890535354614258
L,0.05167341232299805,RL,0.11121225357055664,0.013382673263549805
R,0.06192660331726074,LR,1.1795542240142822,1.1264677047729492
R,0.061887502670288086,LR,1.1731960773468018,1.1265103816986084
R,0.06710672378540039,LR,1.1795542240142822,1.1264677047729492
R,0.06624698638916016,LR,1.1741528511047363,1.127467155456543

R,0.06587386131286621,LR,1.1815879344940186,1.1215226650238037
R,0.06790852546691895,LR,1.1721608638763428,1.1204874515533447
L,0.03121018409729004,RL,0.7871291637420654,0.720022439956665
L,0.02306842803955078,RL,0.8143553733825684,0.7484815120697021
L,0.07356429100036621,RL,0.7870218753814697,0.7251343727111816
L,0.05178523063659668,RL,0.7860651016235352,0.719818115234375
L,0.04623079299926758,RL,0.8133985996246338,0.7471516132354736
L,0.0517880916595459,RL,0.787060022354126,0.719151496887207
L,0.04972696304321289,RL,0.7871291637420654,0.7252025604248047
R,0.11669731140136719,LR,0.16973042488098145,0.14666199684143066
R,0.11617040634155273,LR,0.17173027992248535,0.12549948692321777
R,0.11816692352294922,LR,0.1979997158050537,0.14827275276184082
R,0.11816692352294922,LR,0.1979997158050537,0.16678953170776367
R,0.11617040634155273,LR,0.19906377792358398,0.12549948692321777
R,0.11564874649047852,LR,0.19906377792358398,0.1472785472869873
R,0.11564874649047852,LR,0.20006084442138672,0.14827275276184082
L,0.029099464416503906,RL,0.2711668014526367,0.1529998779296875
L,0.0321955680847168,RL,0.27116894721984863,0.15447163581848145
L,0.03354287147521973,RL,0.2691690921783447,0.1535203456878662
L,0.038686513900756836,RL,0.2701699733734131,0.15399956703186035
L,0.038283586502075195,RL,0.2701699733734131,0.15399956703186035
L,0.04119133949279785,RL,0.2711668014526367,0.15499639511108398
L,0.0750436782836914,LL,0.09429550170898438,0.06519603729248047
L,0.08109116554260254,LL,0.09529304504394531,0.05410170555114746
L,0.08208870887756348,LL,0.09629321098327637,0.06409764289855957
L,0.08208870887756348,LL,0.09629321098327637,0.06275033950805664
L,0.08208942413330078,LL,0.09529304504394531,0.05410170555114746
L,0.08208870887756348,LL,0.09529232978820801,0.05799460411071777
R,0.10950875282287598,LR,0.1371750831604004,0.055086374282836914
R,0.09826326370239258,LR,0.14941978454589844,0.07437610626220703
R,0.10025906562805176,LR,0.14642643928527832,0.06433701515197754
R,0.10225200653076172,LR,0.14642643928527832,0.06533527374267578
R,0.10411453247070312,LR,0.14556145668029785,0.06347274780273438
R,0.10738921165466309,RR,1.397019624710083,1.2967605590820312
R,0.10665035247802734,RR,1.3957626819610596,1.297499418258667
R,0.07650184631347656,RR,1.4279232025146484,1.3246736526489258
R,0.07848215103149414,RR,1.4269256591796875,1.3276658058166504
R,0.10588526725769043,RR,1.4072685241699219,1.297759771347046
R,0.07848215103149414,RR,1.4269256591796875,1.3276658058166504
R,0.19305634498596191,RR,0.0,-0.10588526725769043
R,0.19505071640014648,RR,0.0,-0.10738921165466309
R,0.165144681930542,RR,0.0,-0.07848215103149414
R,0.16421246528625488,RR,0.0,-0.07848215103149414
R,0.165144681930542,RR,0.0,-0.07848215103149414
R,0.20835590362548828,RR,0.0,-0.10665035247802734
R,0.16421246528625488,RR,0.0,-0.07848215103149414
R,0.16421246528625488,RR,0.0,-0.07650184631347656
R,0.08868026733398438,RR,2.887788772583008,2.6794328689575195
R,0.08768224716186523,RR,2.88753080368042,2.694474458694458
R,0.08967828750610352,RR,2.858621597290039,2.694409132003784
R,0.0866854190826416,RR,2.858621597290039,2.694409132003784
R,0.08868122100830078,RR,2.859618663787842,2.6944739818573

R,0.09067463874816895,RR,2.858621597290039,2.693476915359497
R,0.09067463874816895,RR,2.858621597290039,2.694409132003784
R,0.04180717468261719,RR,0.3466784954071045,0.25600385665893555
R,0.049944162368774414,RR,0.3395378589630127,0.2508575916290283
R,0.040822744369506836,RR,0.3466784954071045,0.25600385665893555
R,0.04995870590209961,RR,0.3375425338745117,0.2508571147918701
R,0.04280352592468262,RR,0.3466784954071045,0.25600385665893555
R,0.04995870590209961,RR,0.3375425338745117,0.2478642463684082
R,0.04280352592468262,RR,0.34568142890930176,0.257000207901001
,0.02760171890258789,L,1586410766.5049975,1586410766.5049975
R,0.03357553482055664,RR,406.09106945991516,406.05024671554565
R,0.03274059295654297,RR,406.10118865966797,406.0512444972992
R,0.03470301628112793,RR,406.0990779399872,406.0491192340851
,0.03182387351989746,L,1586410766.5039988,1586410766.5039988
,0.03274059295654297,L,1586410766.5020022,1586410766.5020022
R,0.03274059295654297,RR,406.0940480232239,406.0512444972992
R,0.03427696228027344,RR,406.0913667678833,406.0495595932007
R,0.031595706939697266,RR,406.0940480232239,406.0512444972992
,0.0335848331451416,L,1586410766.503003,1586410766.503003
,0.033586740493774414,L,1586410766.5039988,1586410766.5039988
R,0.03968930244445801,RR,406.0998270511627,406.0499062538147
R,0.2855641841888428,RR,0.0,-0.03427696228027344
R,0.28185391426086426,RR,0.0,-0.03274059295654297
R,0.2879526615142822,RR,0.0,-0.03470301628112793
,0.28284716606140137,,0.0,-0.03182387351989746
,0.28284597396850586,,0.0,-0.0335848331451416
,0.2838466167449951,,0.0,-0.03274059295654297

R,0.28595995903015137,RR,0.0,-0.03968930244445801
R,0.28595995903015137,RR,0.0,-0.03470301628112793
R,0.2838466167449951,RR,0.0,-0.031595706939697266
,0.28484106063842773,,0.0,-0.03173995018005371
,0.28484201431274414,,0.0,-0.033586740493774414
,0.5596506595611572,,0.0,-0.2838466167449951
,0.5586521625518799,,0.0,-0.28484201431274414
R,0.5647547245025635,RR,0.0,-0.2879526615142822
R,0.564624547958374,RR,0.0,-0.2848324775695801

R,0.566749095916748,RR,0.0,-0.28595995903015137
,0.5616424083709717,,0.0,-0.28284597396850586
R,0.5677468776702881,RR,0.0,-0.28595995903015137
,0.560645580291748,,0.0,-0.2818484306335449
,0.5616443157196045,,0.0,-0.28284716606140137
R,0.5626430511474609,RR,0.0,-0.2838466167449951
,0.5616424083709717,,0.0,-0.28484106063842773
R,0.5643272399902344,RR,0.0,-0.2855641841888428
R,0.175933837890625,R,210.92282032966614,210.3621747493744
R,0.18590712547302246,R,210.923819065094,210.3621747493744
R,0.18590712547302246,R,210.923819065094,210.36516690254211
R,0.1857929229736328,RR,210.92116117477417,210.35441207885742

R,0.1863393783569336,R,210.9238157272339,210.36217331886292
R,0.18365693092346191,RR,210.92329716682434,210.35555028915405
R,0.18733000755310059,R,210.9238257408142,210.36417508125305

R,0.18983101844787598,RR,210.92132472991943,210.35868167877197
R,0.1863393783569336,R,210.9238157272339,210.36217331886292
R,0.18337750434875488,RR,210.92350816726685,210.3591809272766
R,0.18364191055297852,RR,210.92056250572205,210.3589165210724
L,0.24203824996948242,RL,0.3839387893676758,0.19803166389465332
L,0.24104094505310059,RL,0.3849360942840576,0.20900225639343262
L,0.2420973777770996,RL,0.3897261619567871,0.2039332389831543
L,0.28409242630004883,RL,0.3895721435546875,0.20591521263122559
L,0.28670501708984375,RL,0.38394689559936523,0.19760751724243164
L,0.28509998321533203,RL,0.3859286308288574,0.19859862327575684
L,0.28509998321533203,RL,0.3884296417236328,0.19859862327575684
L,0.2855052947998047,RL,0.3879363536834717,0.2045588493347168
L,0.2855052947998047,RL,0.3889334201812744,0.20591521263122559
L,0.2855052947998047,RL,0.3882007598876953,0.2045588493347168
L,0.28508949279785156,RL,0.3895721435546875,0.20591521263122559
R,0.006612062454223633,LR,0.34571242332458496,0.06061244010925293
R,0.006612062454223633,LR,0.34670352935791016,0.06119823455810547
R,0.011039972305297852,LR,0.343280553817749,0.1012423038482666
R,0.011041402816772461,LR,0.3432791233062744,0.10223817825317383
R,0.006612062454223633,LR,0.34670352935791016,0.06119823455810547
R,0.010602474212646484,LR,0.34868550300598145,0.10658812522888184
R,0.01359415054321289,LR,0.34670352935791016,0.06261110305786133
R,0.01359415054321289,LR,0.34670352935791016,0.061614036560058594
R,0.02001667022705078,LR,0.3412797451019287,0.05577445030212402
R,0.020218372344970703,LR,0.34128475189208984,0.05618476867675781
R,0.015216827392578125,LR,0.34728574752807617,0.06218576431274414
R,0.015216827392578125,LR,0.34628844261169434,0.06218576431274414
R,0.016251325607299805,LR,0.34827685356140137,0.06157183647155762
R,0.016251325607299805,LR,0.34628844261169434,0.061192989349365234
L,0.0711822509765625,RL,467.36352348327637,467.35691142082214
L,0.07079172134399414,RL,467.36933755874634,467.35829758644104
L,0.07201313972473145,RL,467.3626925945282,467.349098443985
L,0.07095670700073242,RL,467.36417627334595,467.34792494773865
L,0.07118940353393555,RL,467.36394357681274,467.34872674942017
L,0.0703425407409668,RL,467.36879086494446,467.3577494621277
L,0.07095670700073242,RL,467.36417627334595,467.34792494773865
L,0.07559037208557129,RL,467.3635721206665,467.3483552932739
L,0.07018470764160156,RL,467.36894726753235,467.3489305973053

L,0.07018470764160156,RL,467.36352348327637,467.35691142082214
L,0.07101559638977051,RL,467.3626925945282,467.349098443985
L,0.07492184638977051,RL,467.3691990375519,467.3489806652069
R,0.10626482963562012,LR,0.1668250560760498,0.0958094596862793
R,0.10726308822631836,LR,0.16782236099243164,0.0958092212677002
R,0.10726308822631836,LR,0.1669914722442627,0.09680676460266113
R,0.10505199432373047,LR,0.17019963264465332,0.09901738166809082
R,0.10642623901367188,LR,0.16797351837158203,0.09701681137084961
R,0.10642623901367188,LR,0.16797351837158203,0.09701681137084961
R,0.10682487487792969,LR,0.16658973693847656,0.09624719619750977
R,0.10682487487792969,LR,0.1670389175415039,0.09624719619750977
R,0.10582780838012695,LR,0.1684277057647705,0.09723830223083496
R,0.10605359077453613,LR,0.16820096969604492,0.09801626205444336
R,0.10782217979431152,LR,0.16879916191101074,0.09320878982543945
R,0.10626626014709473,LR,0.16881918907165527,0.09780359268188477
R,0.11004233360290527,LR,0.16820096969604492,0.09801626205444336
L,0.11791467666625977,RL,0.11983895301818848,0.013014078140258789
L,0.12193870544433594,RL,0.11681199073791504,0.009987115859985352
L,0.12688708305358887,RL,0.11429643630981445,0.008030176162719727
L,0.12688708305358887,RL,0.11529326438903809,0.008030176162719727
L,0.12661409378051758,RL,0.11656498908996582,0.009301900863647461
L,0.12661409378051758,RL,0.1153554916381836,0.009301900863647461
L,0.12081217765808105,RL,0.12115740776062012,0.011115074157714844
L,0.12180805206298828,RL,0.11893725395202637,0.011115074157714844
L,0.12081217765808105,RL,0.11915874481201172,0.01410675048828125
L,0.12180805206298828,RL,0.11893725395202637,0.013109445571899414
L,0.12090635299682617,RL,0.12006044387817383,0.013634204864501953
L,0.07982635498046875,LL,0.2612292766571045,0.13329219818115234
L,0.07882833480834961,LL,0.26117730140686035,0.13429021835327148
L,0.07647252082824707,LL,0.26425600051879883,0.13764190673828125
L,0.07593631744384766,LL,0.2589902877807617,0.13817811012268066
L,0.0774698257446289,LL,0.26057934761047363,0.1386406421661377
L,0.07593631744384766,LL,0.2589902877807617,0.13817811012268066
L,0.07593631744384766,LL,0.2589902877807617,0.13718223571777344
L,0.07793211936950684,LL,0.2580885887145996,0.13718223571777344
L,0.07793211936950684,LL,0.2589902877807617,0.13718223571777344
L,0.07793211936950684,LL,0.2580885887145996,0.13718223571777344
L,0.07693362236022949,LL,0.2589902877807617,0.13718223571777344
R,0.0836939811706543,LR,0.24874401092529297,0.16891765594482422
R,0.08134627342224121,LR,0.24585199356079102,0.16791987419128418
R,0.08418917655944824,LR,0.24989056587219238,0.17106223106384277
R,0.08334112167358398,LR,0.24585199356079102,0.16991567611694336
R,0.08418917655944824,LR,0.24500393867492676,0.16707181930541992
R,0.08451962471008301,LR,0.24738478660583496,0.16991496086120605
R,0.08633255958557129,LR,0.24585199356079102,0.16991567611694336
R,0.08718061447143555,LR,0.24886822700500488,0.17006468772888184
R,0.08533596992492676,LR,0.24684858322143555,0.1689164638519287
R,0.08418917655944824,LR,0.24500393867492676,0.16807031631469727
R,0.0833430290222168,LR,0.249739408493042,0.17091107368469238
R,0.0863642692565918,LR,0.24554014205932617,0.1690676212310791
R,0.1345381736755371,RR,119.92833256721497,119.84115195274353
R,0.133683443069458,RR,119.93033480644226,119.8466408252716
R,0.13381457328796387,RR,119.92905616760254,119.84269189834595
R,0.13338303565979004,RR,119.9304850101471,119.84629583358765

R,0.13472437858581543,RR,119.93029356002808,119.8439610004425
R,0.13381457328796387,RR,119.92905616760254,119.8418755531311
R,0.1345381736755371,RR,119.92848372459412,119.8451406955719
R,0.1364903450012207,RR,119.9304850101471,119.84629583358765
R,0.135833740234375,RR,119.92929697036743,119.8439610004425
R,0.135833740234375,RR,119.93029356002808,119.84894728660583
R,0.13791918754577637,RR,119.92820811271667,119.84486699104309
R,0.1386427879333496,RR,119.92833256721497,119.84414339065552
R,0.005983591079711914,RR,0.25040221214294434,0.11671876907348633
R,0.005883693695068359,RR,0.251631498336792,0.11781692504882812
R,0.0069315433502197266,RR,0.25130724906921387,0.11676907539367676
R,0.0069315433502197266,RR,0.25130724906921387,0.11676907539367676
R,0.010211467742919922,RR,0.2510192394256592,0.11237645149230957
R,0.00772547721862793,RR,0.2516930103302002,0.11696863174438477
R,0.00772547721862793,RR,0.25078511238098145,0.11696863174438477
R,0.009561538696289062,RR,0.25194239616394043,0.11402320861816406
R,0.00897526741027832,RR,0.2504432201385498,0.1146094799041748
R,0.010920286178588867,RR,0.2505836486816406,0.11676907539367676
R,0.007978439331054688,RR,0.2510998249053955,0.1146094799041748

R,0.00897526741027832,RR,0.2504432201385498,0.1146094799041748
R,0.009561538696289062,RR,0.25081467628479004,0.11713051795959473
R,0.11327409744262695,RR,0.0,-0.005983591079711914
R,0.11431312561035156,RR,0.0,-0.010211467742919922
R,0.11297726631164551,RR,0.0,-0.005883693695068359
R,0.11402511596679688,RR,0.0,-0.010920286178588867
R,0.11307740211486816,RR,0.0,-0.007978439331054688
,0.11307740211486816,RR,0.0,-0.007978439331054688
R,0.11282491683959961,RR,0.0,-0.00772547721862793
R,0.1136636734008789,RR,0.0,-0.009561538696289062
R,0.1136636734008789,RR,0.0,-0.009561538696289062
R,0.11402511596679688,RR,0.0,-0.0069315433502197266
R,0.11402511596679688,RR,0.0,-0.0069315433502197266
R,0.11382269859313965,RR,0.0,-0.00772547721862793
R,0.10527777671813965,RR,0.22672605514526367,0.11345195770263672
R,0.10527777671813965,RR,0.2259666919708252,0.11165356636047363
R,0.10494017601013184,RR,0.22601628303527832,0.11199116706848145
R,0.1061699390411377,RR,0.22601628303527832,0.11199116706848145

R,0.10490703582763672,RR,0.22623133659362793,0.11325407028198242
R,0.10567092895507812,RR,0.2259204387664795,0.11225676536560059
R,0.10488653182983398,RR,0.22770261764526367,0.11403894424438477
R,0.10389065742492676,RR,0.2278602123260498,0.11403751373291016
R,0.10189557075500488,RR,0.23010730743408203,0.11702990531921387
R,0.10313105583190918,RR,0.23010730743408203,0.11503481864929199
R,0.10313105583190918,RR,0.23010730743408203,0.11702990531921387
R,0.06332182884216309,RR,0.23059439659118652,0.12531661987304688
R,0.06376409530639648,RR,0.2302567958831787,0.12531661987304688
R,0.06476140022277832,RR,0.22925949096679688,0.12431931495666504
R,0.06476211547851562,RR,0.2302567958831787,0.12408685684204102
R,0.06476211547851562,RR,0.22899389266967773,0.12332296371459961
R,0.06476211547851562,RR,0.22899389266967773,0.12408685684204102
R,0.0647878646850586,RR,0.22521758079528809,0.1233220100402832
R,0.06376504898071289,RR,0.22721266746520996,0.12408161163330078
R,0.06461691856384277,RR,0.22735810279846191,0.1244652271270752
R,0.06476092338562012,RR,0.2282099723815918,0.12431931495666504
R,0.06675601005554199,RR,0.2282085418701172,0.1233220100402832
R,0.06461691856384277,RR,0.22636079788208008,0.1232297420501709
R,0.06675601005554199,RR,0.22521758079528809,0.1220865249633789
R,0.13889503479003906,RR,15.470073461532593,15.40675163269043

R,0.13989734649658203,RR,15.471068620681763,15.407304525375366
R,0.14289259910583496,RR,15.471068620681763,15.406306505203247
R,0.1435401439666748,RR,15.471465349197388,15.406703233718872
R,0.14043831825256348,RR,15.471070766448975,15.406309366226196
R,0.1389009952545166,RR,15.472065925598145,15.407278060913086

R,0.1438887119293213,RR,15.470922708511353,15.40630578994751

R,0.1438887119293213,RR,15.470070838928223,15.40630578994751
R,0.14388632774353027,RR,15.471076965332031,15.40432095527649
R,0.1438887119293213,RR,15.470070838928223,15.405309915542603
L,0.06423616409301758,RL,0.21365952491760254,0.07322120666503906
L,0.06357169151306152,RL,0.21332883834838867,0.07043623924255371
L,0.06324481964111328,RL,0.20942926406860352,0.07476449012756348
L,0.06545853614807129,RL,0.21243715286254883,0.07354211807250977
L,0.06275749206542969,RL,0.21432757377624512,0.07043886184692383
L,0.06357169151306152,RL,0.21332883834838867,0.07343149185180664
L,0.06275749206542969,RL,0.21830415725708008,0.07342910766601562
L,0.06357169151306152,RL,0.21293210983276367,0.06939196586608887
L,0.0655679702758789,RL,0.21362876892089844,0.06943559646606445
L,0.06472229957580566,RL,0.2131786346435547,0.07427763938903809
L,0.0644218921661377,RL,0.21347904205322266,0.06959033012390137
L,0.06541633605957031,RL,0.21347904205322266,0.06959033012390137
L,0.06541633605957031,RL,0.21347904205322266,0.06959033012390137
R,0.08835506439208984,LR,0.08037495613098145,0.017130136489868164
R,0.08137845993041992,LR,0.08735156059265137,0.02311539649963379
R,0.07956457138061523,LR,0.0899655818939209,0.024397611618041992
R,0.0810694694519043,LR,0.09046435356140137,0.026892662048339844
R,0.08259010314941406,LR,0.08694577217102051,0.02418828010559082

R,0.08395123481750488,LR,0.08881950378417969,0.023403167724609375
R,0.09394240379333496,RR,2.860063314437866,2.777473211288452
R,0.09459447860717773,RR,2.8594112396240234,2.7758266925811768
R,0.09621357917785645,RR,2.8573899269104004,2.773268699645996
R,0.09621357917785645,RR,2.8573899269104004,2.7734386920928955
R,0.09721183776855469,RR,2.856391668319702,2.776827096939087

R,0.09721183776855469,RR,2.856391668319702,2.776827096939087
R,0.09721183776855469,RR,2.856391668319702,2.7778258323669434
R,0.09749841690063477,RR,2.85660457611084,2.7755351066589355
R,0.09790873527526855,RR,2.856194257736206,2.7751247882843018
R,0.09920573234558105,RR,2.8586745262145996,2.775831937789917

R,0.09920573234558105,RR,2.8586745262145996,2.7772960662841797
R,0.11121058464050293,RR,0.11141300201416016,0.012207269668579102
R,0.11182665824890137,RR,0.10980010032653809,0.011591196060180664
R,0.11101460456848145,RR,0.11160898208618164,0.012403249740600586
R,0.1115717887878418,RR,0.11204886436462402,0.012843132019042969
R,0.1109762191772461,RR,0.11093711853027344,0.013438701629638672
R,0.1109762191772461,RR,0.11134743690490723,0.013438701629638672
R,0.11121177673339844,RR,0.11141324043273926,0.01420140266418457
R,0.11121177673339844,RR,0.11141324043273926,0.01420140266418457
R,0.11032652854919434,RR,0.11229729652404785,0.016083717346191406
R,0.10993695259094238,RR,0.11169075965881348,0.017096281051635742
R,0.11099576950073242,RR,0.11162805557250977,0.01541447639465332
R,0.10921645164489746,RR,0.11175918579101562,0.017816781997680664
R,0.11161375045776367,RR,0.11200737953186035,0.015793800354003906
R,0.13541531562805176,RR,0.16969966888427734,0.0586850643157959
R,0.13542866706848145,RR,0.1696615219116211,0.058685302734375
R,0.13641357421875,RR,0.16951346397399902,0.057686805725097656
R,0.13541531562805176,RR,0.16925978660583496,0.057687997817993164
R,0.13542866706848145,RR,0.1688988208770752,0.05768704414367676
R,0.13440895080566406,RR,0.17089390754699707,0.05968213081359863
R,0.13740134239196777,RR,0.16866421699523926,0.057687997817993164
R,0.13640403747558594,RR,0.16790151596069336,0.0586850643157959
R,0.13440895080566406,RR,0.16968083381652832,0.0586850643157959
R,0.13740110397338867,RR,0.16989684104919434,0.0586850643157959
R,0.13640403747558594,RR,0.16930150985717773,0.05768775939941406
R,0.13740158081054688,RR,0.16901159286499023,0.0586850643157959
R,0.13740158081054688,RR,0.16862201690673828,0.0586850643157959
R,0.11616349220275879,RR,0.20789170265197754,0.07147812843322754
R,0.11590075492858887,RR,0.2091524600982666,0.0727388858795166
R,0.11663126945495605,RR,0.2084205150604248,0.07300519943237305
R,0.11563444137573242,RR,0.2084205150604248,0.07300519943237305
R,0.11606574058532715,RR,0.2089860439300537,0.07158470153808594
R,0.11606574058532715,RR,0.20798730850219727,0.0705862045288086
R,0.11706233024597168,RR,0.20798873901367188,0.07256007194519043
R,0.11706352233886719,RR,0.2089853286743164,0.07355666160583496
R,0.1150672435760498,RR,0.20898652076721191,0.07158493995666504
R,0.11679363250732422,RR,0.20798850059509277,0.07158446311950684
R,0.11606526374816895,RR,0.20798850059509277,0.0705869197845459
R,0.11679363250732422,RR,0.20798850059509277,0.07357954978942871
R,0.11679363250732422,RR,0.20798850059509277,0.07158446311950684
R,0.1237177848815918,RR,0.511599063873291,0.3959646224975586
R,0.12271785736083984,RR,0.5120346546173096,0.3959689140319824
R,0.12283444404602051,RR,0.5133101940155029,0.3965165615081787
R,0.12371444702148438,RR,0.5110363960266113,0.3942427635192871
R,0.12328886985778809,RR,0.5125603675842285,0.3963968753814697
R,0.1237177848815918,RR,0.5118653774261475,0.3959646224975586
R,0.12658452987670898,RR,0.5120856761932373,0.39601993560791016
R,0.1256389617919922,RR,0.5120346546173096,0.3949711322784424
R,0.12462234497070312,RR,0.5120301246643066,0.39696288108825684
R,0.12561845779418945,RR,0.5120320320129395,0.39523839950561523
L,0.10680460929870605,RL,0.14988255500793457,0.026593685150146484
L,0.10674357414245605,RL,0.1503448486328125,0.026627063751220703
L,0.10773777961730957,RL,0.14958810806274414,0.02270817756652832
L,0.10773777961730957,RL,0.1503448486328125,0.026627063751220703
L,0.10773777961730957,RL,0.1492927074432373,0.025629281997680664
L,0.11072802543640137,RL,0.1483471393585205,0.02270817756652832
L,0.11725139617919922,RL,0.14058947563171387,0.01775503158569336
L,0.10973238945007324,RL,0.14735150337219238,0.02173304557800293
L,0.11072802543640137,RL,0.1483471393585205,0.025629281997680664
L,0.11245369911193848,RL,0.14662456512451172,0.022002220153808594
L,0.11072802543640137,RL,0.14735150337219238,0.02173304557800293
L,0.10973238945007324,RL,0.1492927074432373,0.02270817756652832
L,0.1104588508605957,RL,0.1468064785003662,0.022002220153808594
R,0.11578893661499023,LR,0.12173008918762207,0.0139923095703125
R,0.1147925853729248,LR,0.1227264404296875,0.012994050979614258

R,0.11678695678710938,LR,0.1227264404296875,0.011998414993286133
R,0.11679553985595703,LR,0.13030195236206055,0.013050556182861328
R,0.11679553985595703,LR,0.12454891204833984,0.01409006118774414
R,0.1147925853729248,LR,0.1227264404296875,0.011998414993286133
R,0.11578893661499023,LR,0.12173008918762207,0.0139923095703125
R,0.11578893661499023,LR,0.12173008918762207,0.014986515045166016
R,0.11788749694824219,LR,0.12372612953186035,0.01399374008178711
R,0.11788749694824219,LR,0.12372612953186035,0.01399374008178711
R,0.11892890930175781,LR,0.12454891204833984,0.012095212936401367
R,0.11579227447509766,LR,0.12472128868103027,0.013993263244628906
R,0.1147925853729248,LR,0.1227264404296875,0.01498866081237793
R,0.09432554244995117,RR,0.23684477806091309,0.12105584144592285
R,0.09332871437072754,RR,0.23784160614013672,0.12205266952514648
R,0.09432578086853027,RR,0.23784160614013672,0.12205266952514648
R,0.09432578086853027,RR,0.2368452548980713,0.12205266952514648
R,0.09432578086853027,RR,0.2368452548980713,0.12205266952514648
R,0.09416365623474121,RR,0.2368454933166504,0.12105321884155273
R,0.09316372871398926,RR,0.2377486228942871,0.1188197135925293
R,0.09406781196594238,RR,0.2377486228942871,0.12095308303833008
R,0.09432435035705566,RR,0.23684382438659668,0.11895632743835449
R,0.09706282615661621,RR,0.2368452548980713,0.12205266952514648

R,0.09506773948669434,RR,0.2378406524658203,0.11995315551757812
R,0.09540104866027832,RR,0.2374122142791748,0.12061667442321777
R,0.06497502326965332,RR,0.22599267959594727,0.13068103790283203
R,0.06198382377624512,RR,0.2279982566833496,0.13367247581481934
R,0.0633244514465332,RR,0.2261643409729004,0.13009977340698242
R,0.06497502326965332,RR,0.2250065803527832,0.13068103790283203
R,0.06297993659973145,RR,0.2279980182647705,0.13367366790771484
R,0.0628194808959961,RR,0.22716259956359863,0.13283681869506836
R,0.06297993659973145,RR,0.22600126266479492,0.13193345069885254
R,0.06397795677185059,RR,0.2279982566833496,0.1309354305267334
R,0.06298112869262695,RR,0.22600317001342773,0.13183951377868652
R,0.06298112869262695,RR,0.2279982566833496,0.13367247581481934
R,0.06696963310241699,RR,0.22400975227355957,0.13068103790283203
R,0.06298112869262695,RR,0.22600317001342773,0.1309354305267334
R,0.06497502326965332,RR,0.22633767127990723,0.1309366226196289
R,0.12518954277038574,RR,10.66072392463684,10.595748901367188
R,0.12518954277038574,RR,10.66172170639038,10.596746683120728
R,0.12917876243591309,RR,10.657732486724854,10.590762853622437
R,0.12917876243591309,RR,10.654579639434814,10.591760158538818
R,0.12518954277038574,RR,10.65773320198059,10.595749378204346
R,0.12618684768676758,RR,10.65773320198059,10.59375524520874
R,0.12718462944030762,RR,10.656735181808472,10.59375524520874
R,0.12917780876159668,RR,10.655577898025513,10.59225344657898
R,0.1291804313659668,RR,10.655737400054932,10.5927574634552
R,0.12618613243103027,RR,10.657733678817749,10.592758655548096
R,0.12718462944030762,RR,10.65773320198059,10.594752073287964
R,0.12718462944030762,RR,10.65773320198059,10.594752073287964
R,0.13017678260803223,RR,10.654740333557129,10.5927574634552
R,0.01223301887512207,RR,0.226975679397583,0.10178613662719727
R,0.01174616813659668,RR,0.22646474838256836,0.10127520561218262
R,0.011747598648071289,RR,0.2274610996246338,0.10227155685424805
R,0.012453317642211914,RR,0.2307446002960205,0.10156583786010742
R,0.011747598648071289,RR,0.22845816612243652,0.1012735366821289
R,0.012744903564453125,RR,0.22845816612243652,0.1012735366821289
R,0.012744903564453125,RR,0.22845816612243652,0.10227131843566895
R,0.010747909545898438,RR,0.23145294189453125,0.10127615928649902
R,0.011747598648071289,RR,0.2274610996246338,0.10127425193786621
R,0.011745691299438477,RR,0.23145294189453125,0.10227251052856445
R,0.01210641860961914,RR,0.23109149932861328,0.1019127368927002
R,0.01265573501586914,RR,0.22954511642456055,0.10236048698425293
R,0.013653278350830078,RR,0.2285466194152832,0.10236048698425293
R,0.12340450286865234,RR,0.0,-0.01223301887512207
R,0.12291765213012695,RR,0.0,-0.01174616813659668
R,0.12362504005432129,RR,0.0,-0.012453317642211914
R,0.12092304229736328,RR,0.0,-0.010747909545898438
R,0.12183308601379395,RR,0.0,-0.01265573501586914
R,0.12191963195800781,RR,0.0,-0.011745691299438477
R,0.12292003631591797,RR,0.0,-0.011747598648071289
R,0.12291932106018066,RR,0.0,-0.01374197006225586
R,0.12291932106018066,RR,0.0,-0.011747598648071289
R,0.12292003631591797,RR,0.0,-0.012744903564453125
R,0.12183308601379395,RR,0.0,-0.013653278350830078
R,0.12292003631591797,RR,0.0,-0.012744903564453125
R,0.11325311660766602,RR,0.23705124855041504,0.11342620849609375
R,0.11325311660766602,RR,0.23734188079833984,0.11442422866821289
R,0.11325311660766602,RR,0.23670434951782227,0.11242842674255371
R,0.11125922203063965,RR,0.23782873153686523,0.11442422866821289
R,0.11247801780700684,RR,0.23811912536621094,0.11519908905029297
R,0.1122591495513916,RR,0.23733806610107422,0.1154184341430664
R,0.11249113082885742,RR,0.2371060848236084,0.11618304252624512
R,0.1152505874633789,RR,0.23734068870544434,0.11442136764526367

R,0.1152498722076416,RR,0.23734116554260254,0.11442112922668457
R,0.11407232284545898,RR,0.23743176460266113,0.11559867858886719
R,0.11715126037597656,RR,0.2033233642578125,0.09206414222717285
R,0.11674880981445312,RR,0.20424270629882812,0.09098958969116211
R,0.11766815185546875,RR,0.2033233642578125,0.09007024765014648
R,0.11723089218139648,RR,0.20424318313598633,0.08799576759338379
R,0.11723089218139648,RR,0.20424318313598633,0.08799576759338379
R,0.11623072624206543,RR,0.20348048210144043,0.09098935127258301
R,0.11722779273986816,RR,0.2032485008239746,0.09098935127258301
R,0.1174309253692627,RR,0.20404314994812012,0.08879256248474121
R,0.1182260513305664,RR,0.20424413681030273,0.08899426460266113
R,0.11922502517700195,RR,0.20424413681030273,0.08899426460266113
R,0.11922502517700195,RR,0.20346617698669434,0.0909881591796875

R,0.11822676658630371,RR,0.20376992225646973,0.08999252319335938
R,0.07283234596252441,RR,0.7352316379547119,0.6180803775787354
R,0.07205414772033691,RR,0.7360098361968994,0.6183416843414307
R,0.07205557823181152,RR,0.7360866069793701,0.619337797164917
R,0.07205557823181152,RR,0.7360866069793701,0.6188573837280273
R,0.07200098037719727,RR,0.7361428737640381,0.6189119815826416
R,0.07166457176208496,RR,0.735480785369873,0.6172547340393066

R,0.07305288314819336,RR,0.735090970993042,0.6178600788116455
R,0.07105779647827148,RR,0.7360861301422119,0.6188583374023438
R,0.07105779647827148,RR,0.7370834350585938,0.6208527088165283
R,0.07303333282470703,RR,0.7361061573028564,0.6168811321258545
R,0.07205510139465332,RR,0.7360861301422119,0.6178593635559082
R,0.07205510139465332,RR,0.7360861301422119,0.6178593635559082
R,0.10741996765136719,RR,0.21227502822875977,0.13944268226623535
R,0.10692358016967773,RR,0.21199369430541992,0.1399381160736084
R,0.10792136192321777,RR,0.2119920253753662,0.1399378776550293
R,0.10692191123962402,RR,0.2139892578125,0.14093637466430664
R,0.09883308410644531,RR,0.2190861701965332,0.14703106880187988
R,0.09983038902282715,RR,0.21969246864318848,0.14802789688110352
R,0.10082769393920898,RR,0.21906709671020508,0.14802789688110352
R,0.10692238807678223,RR,0.21299147605895996,0.14093589782714844
R,0.09983038902282715,RR,0.21906709671020508,0.14603376388549805
R,0.10082769393920898,RR,0.21808886528015137,0.14603376388549805
R,0.10792016983032227,RR,0.21199369430541992,0.13894081115722656
R,0.10592460632324219,RR,0.2129373550415039,0.14093637466430664
R,0.10082793235778809,RR,0.21808886528015137,0.14703106880187988
R,0.10990428924560547,RR,0.1903989315032959,0.08297896385192871
R,0.1058034896850586,RR,0.19400238990783691,0.08708047866821289
R,0.10661673545837402,RR,0.18691086769104004,0.08608317375183105
R,0.10889053344726562,RR,0.1838240623474121,0.08598828315734863
R,0.10889053344726562,RR,0.1838240623474121,0.08299612998962402
R,0.10779833793640137,RR,0.18691086769104004,0.08608317375183105
R,0.10480618476867676,RR,0.19400238990783691,0.08807778358459473
R,0.1109004020690918,RR,0.1838088035583496,0.08397841453552246
R,0.1108999252319336,RR,0.1909019947052002,0.08298063278198242
R,0.10990118980407715,RR,0.18990516662597656,0.08298277854919434
R,0.10790824890136719,RR,0.19289588928222656,0.0849757194519043
R,0.1058034896850586,RR,0.1859135627746582,0.08708047866821289
R,0.1108999252319336,RR,0.18990421295166016,0.08298063278198242
R,0.08210492134094238,RR,0.20421886444091797,0.09331893920898438
R,0.08094906806945801,RR,0.2052171230316162,0.09531283378601074
R,0.0812993049621582,RR,0.20499777793884277,0.09610724449157715

R,0.08109664916992188,RR,0.20211338996887207,0.09630990028381348
R,0.08510637283325195,RR,0.20419621467590332,0.09429502487182617
R,0.08508896827697754,RR,0.20011568069458008,0.09431219100952148
R,0.0845794677734375,RR,0.20062518119812012,0.09282684326171875
R,0.08508896827697754,RR,0.20011568069458008,0.09530949592590332
R,0.08508658409118652,RR,0.20421791076660156,0.09331750869750977
R,0.08366942405700684,RR,0.20462250709533691,0.09573197364807129
R,0.0845794677734375,RR,0.20372724533081055,0.09581899642944336
R,0.009132862091064453,RR,9.46825385093689,9.387304782867432
R,0.007526397705078125,RR,9.469861268997192,9.384774684906006
R,0.009520769119262695,RR,9.467866897583008,9.382780313491821
R,0.009520769119262695,RR,9.467070817947388,9.38577151298523

R,0.007526397705078125,RR,9.470351934432983,9.385772466659546
R,0.014117956161499023,RR,9.46825385093689,9.387304782867432
R,0.014117956161499023,RR,9.46825385093689,9.386148929595947
R,0.014508247375488281,RR,9.467885255813599,9.382778882980347
R,0.015061616897583008,RR,9.466870784759521,9.381781816482544
R,0.015505552291870117,RR,9.466870784759521,9.382778882980347
R,0.012512922286987305,RR,9.467446088790894,9.383776664733887
R,0.0828697681427002,RR,2.6794967651367188,2.6653788089752197
R,0.0828707218170166,RR,2.6804940700531006,2.6663761138916016
R,0.08386969566345215,RR,2.67988657951355,2.6653783321380615
R,0.0708017349243164,RR,2.6929514408111572,2.6834306716918945
R,0.07189631462097168,RR,2.691955089569092,2.682434320449829
R,0.07264089584350586,RR,2.689117908477783,2.6805951595306396
R,0.08395957946777344,RR,2.6817898750305176,2.6667282581329346
R,0.08695745468139648,RR,2.67988657951355,2.6643810272216797
R,0.08402609825134277,RR,2.681820869445801,2.6722989082336426
R,0.08254718780517578,RR,2.684199810028076,2.669691324234009
R,0.07463550567626953,RR,2.689117908477783,2.681591510772705


R,0.07484984397888184,RR,2.690899133682251,2.6783862113952637
R,0.08960485458374023,RR,0.4604799747467041,0.3716251850128174
R,0.08960485458374023,RR,0.4604799747467041,0.3776102066040039
R,0.09160041809082031,RR,0.45948266983032227,0.3756129741668701
R,0.09160041809082031,RR,0.45948266983032227,0.37661194801330566
R,0.08063054084777832,RR,0.47054481506347656,0.3865852355957031
R,0.08162689208984375,RR,0.45738697052001953,0.38549065589904785
R,0.0826258659362793,RR,0.45844292640686035,0.3835930824279785
R,0.08262515068054199,RR,0.47045350074768066,0.3834960460662842
R,0.08462047576904297,RR,0.46752214431762695,0.3834960460662842
R,0.0826258659362793,RR,0.46713781356811523,0.38459062576293945
R,0.08363056182861328,RR,0.459226131439209,0.38459062576293945
R,0.08363056182861328,RR,0.4635462760925293,0.38459062576293945
R,0.08363056182861328,RR,0.45738697052001953,0.3865852355957031
R,0.08363056182861328,RR,0.459226131439209,0.3865852355957031
R,0.10350751876831055,RR,3.4331600666046143,3.343555212020874
R,0.10350751876831055,RR,3.4331600666046143,3.343555212020874
R,0.10397791862487793,RR,3.4336886405944824,3.342088222503662
R,0.10299849510192871,RR,3.4226999282836914,3.342069387435913
R,0.10399699211120605,RR,3.4236960411071777,3.3410708904266357
R,0.10399484634399414,RR,3.424694538116455,3.340074062347412
R,0.10399699211120605,RR,3.434666872024536,3.343066453933716
R,0.10399484634399414,RR,3.4226999282836914,3.339069366455078
R,0.10499286651611328,RR,3.4226999282836914,3.339069366455078
R,0.10499286651611328,RR,3.4226999282836914,3.339069366455078
R,0.10397934913635254,RR,3.4247100353240967,3.3420841693878174
R,0.10492515563964844,RR,3.423764228820801,3.3401336669921875
L,0.08821773529052734,RL,0.18495631217956543,0.08144879341125488
L,0.08442306518554688,RL,0.1851813793182373,0.0812528133392334
L,0.08792757987976074,RL,0.18473601341247559,0.08073902130126953
L,0.08792757987976074,RL,0.18473601341247559,0.08073902130126953
L,0.08823299407958984,RL,0.1842515468597412,0.0812530517578125
L,0.08741497993469238,RL,0.18624567985534668,0.0812528133392334
L,0.08741378784179688,RL,0.18524956703186035,0.08125472068786621
L,0.08940911293029785,RL,0.1842515468597412,0.08025670051574707

L,0.08841252326965332,RL,0.1851813793182373,0.08025622367858887
L,0.08940958976745605,RL,0.1842355728149414,0.08025622367858887
L,0.09420275688171387,RL,0.18495631217956543,0.08144879341125488
R,0.11472320556640625,LR,0.11269497871398926,0.01849222183227539
R,0.11052918434143066,LR,0.11707496643066406,0.027851104736328125
R,0.10953378677368164,LR,0.11759352684020996,0.02966594696044922
R,0.11418628692626953,LR,0.11323189735412598,0.025014162063598633
R,0.11058235168457031,LR,0.11707949638366699,0.02884650230407715
R,0.11058235168457031,LR,0.11707949638366699,0.02767038345336914
R,0.11058235168457031,LR,0.11608147621154785,0.02767038345336914
R,0.10953378677368164,LR,0.11759352684020996,0.02966594696044922
R,0.1115274429321289,LR,0.11608147621154785,0.02767038345336914
R,0.11252284049987793,LR,0.1140899658203125,0.02567744255065918
R,0.11252546310424805,LR,0.11508536338806152,0.03066229820251465
R,0.1115274429321289,LR,0.11508536338806152,0.02767038345336914
R,0.11252546310424805,LR,0.11508536338806152,0.02567577362060547
R,0.11551594734191895,LR,0.11408805847167969,0.026674270629882812
R,0.09950447082519531,RR,0.24281811714172363,0.1286318302154541
R,0.09897875785827637,RR,0.2386929988861084,0.12915921211242676
R,0.09897875785827637,RR,0.2386929988861084,0.12811064720153809
R,0.09912705421447754,RR,0.23967409133911133,0.12814664840698242
R,0.09795856475830078,RR,0.24084258079528809,0.12931513786315918
R,0.09799909591674805,RR,0.2416677474975586,0.12914228439331055
R,0.09912705421447754,RR,0.2416675090789795,0.12615156173706055

R,0.09912705421447754,RR,0.23967409133911133,0.12909173965454102
R,0.0997779369354248,RR,0.23789381980895996,0.12836003303527832
R,0.09878063201904297,RR,0.23888921737670898,0.12836003303527832
R,0.09951448440551758,RR,0.24214482307434082,0.1296219825744629
R,0.1126096248626709,RR,0.20887207984924316,0.10983109474182129
R,0.11244559288024902,RR,0.20959997177124023,0.11081933975219727
R,0.113433837890625,RR,0.2093355655670166,0.10983109474182129
R,0.11244606971740723,RR,0.20979785919189453,0.11081910133361816
R,0.11244606971740723,RR,0.21059703826904297,0.11081910133361816
R,0.11344313621520996,RR,0.2088007926940918,0.10982203483581543

R,0.11344289779663086,RR,0.2088167667388916,0.10968971252441406
R,0.11244511604309082,RR,0.21081209182739258,0.11168503761291504
R,0.11144804954528809,RR,0.21001815795898438,0.11181640625
R,0.11344289779663086,RR,0.20981431007385254,0.110687255859375
R,0.11244511604309082,RR,0.2093367576599121,0.10982227325439453
R,0.11400723457336426,RR,0.20964360237121582,0.11168503761291504
R,0.10134625434875488,RR,0.2935328483581543,0.1800990104675293
R,0.10134720802307129,RR,0.2925441265106201,0.1800980567932129

R,0.10134625434875488,RR,0.29354262351989746,0.18109655380249023
R,0.1015615463256836,RR,0.2943243980407715,0.18088126182556152
R,0.10134625434875488,RR,0.29354262351989746,0.18109655380249023
R,0.10134625434875488,RR,0.29354262351989746,0.1800997257232666
R,0.10034871101379395,RR,0.29354286193847656,0.18209481239318848
R,0.10034871101379395,RR,0.29354286193847656,0.18209481239318848
R,0.10115265846252441,RR,0.2937357425689697,0.18029284477233887
R,0.10215067863464355,RR,0.2927379608154297,0.18029284477233887
R,0.10134553909301758,RR,0.2945399284362793,0.18209481239318848
R,0.09403800964355469,RR,0.3267786502838135,0.2254323959350586

R,0.09286904335021973,RR,0.32794713973999023,0.22659993171691895
R,0.09286904335021973,RR,0.32794713973999023,0.22659993171691895
R,0.09206676483154297,RR,0.32796621322631836,0.22640466690063477
R,0.09206509590148926,RR,0.3287491798400879,0.227402925491333
R,0.09106850624084473,RR,0.3287491798400879,0.227402925491333
R,0.09221935272216797,RR,0.32759714126586914,0.2272484302520752
R,0.09206509590148926,RR,0.3275585174560547,0.22640585899353027
R,0.09106898307800293,RR,0.328554630279541,0.22640395164489746
R,0.0930638313293457,RR,0.3267526626586914,0.22540712356567383

R,0.09191131591796875,RR,0.32790517807006836,0.22755646705627441
R,0.10708999633789062,RR,0.18967056274414062,0.09779763221740723
R,0.10808753967285156,RR,0.19083809852600098,0.09680008888244629
R,0.10708308219909668,RR,0.19066786766052246,0.09779882431030273
R,0.10708308219909668,RR,0.18886733055114746,0.09779882431030273
R,0.09810853004455566,RR,0.19784307479858398,0.10677409172058105
R,0.0991058349609375,RR,0.19784307479858398,0.10477924346923828
R,0.10608482360839844,RR,0.1898655891418457,0.09879708290100098
R,0.10508966445922852,RR,0.19101476669311523,0.09879541397094727
R,0.11007475852966309,RR,0.19066786766052246,0.09779882431030273
R,0.10010290145874023,RR,0.1988391876220703,0.10677409172058105
R,0.1079864501953125,RR,0.1919538974761963,0.09988713264465332
R,0.0991058349609375,RR,0.19784307479858398,0.10477924346923828
R,0.0991058349609375,RR,0.19669055938720703,0.10477924346923828
R,0.0829000473022461,RR,0.20405149459838867,0.09397673606872559

R,0.07964110374450684,RR,0.19833612442016602,0.09823322296142578
R,0.08063960075378418,RR,0.20531725883483887,0.09823322296142578
R,0.08063960075378418,RR,0.19833612442016602,0.10022759437561035
R,0.08063960075378418,RR,0.19833612442016602,0.09923028945922852
R,0.0786435604095459,RR,0.20830798149108887,0.10122489929199219
R,0.08209562301635742,RR,0.1978762149810791,0.0987703800201416
R,0.08333182334899902,RR,0.20485758781433105,0.09677004814147949
R,0.08209681510925293,RR,0.19687891006469727,0.09777307510375977
R,0.08263301849365234,RR,0.20621967315673828,0.09823322296142578
R,0.08263301849365234,RR,0.20830798149108887,0.10122489929199219
R,0.08263301849365234,RR,0.20730972290039062,0.10122489929199219
R,0.08520627021789551,RR,0.20286273956298828,0.09777307510375977
R,0.0807802677154541,RR,34.0335853099823,33.9502534866333
R,0.0817716121673584,RR,34.0323965549469,33.94949650764465
R,0.08376145362854004,RR,34.0335853099823,33.94949650764465
R,0.08356356620788574,RR,34.03178906440735,33.94658279418945
R,0.08356356620788574,RR,34.03079175949097,33.94869613647461
R,0.08475875854492188,RR,34.0281400680542,33.94949650764465
R,0.08256697654724121,RR,34.03033185005188,33.949692249298096
R,0.08276557922363281,RR,34.029135942459106,33.94849634170532
R,0.08256697654724121,RR,34.03178906440735,33.949692249298096
R,0.08475875854492188,RR,34.0281400680542,33.94550704956055
R,0.08276557922363281,RR,34.029135942459106,33.9494948387146
R,0.08475875854492188,RR,34.0281400680542,33.94550704956055
R,0.08475875854492188,RR,34.0281400680542,33.94550704956055
R,0.08376288414001465,RR,34.029135942459106,33.94849634170532
R,0.09795904159545898,RR,0.1326308250427246,0.05185055732727051
R,0.09795045852661133,RR,0.13362789154052734,0.04886913299560547
R,0.09794855117797852,RR,0.13363075256347656,0.05086517333984375
R,0.09894752502441406,RR,0.1326308250427246,0.047872066497802734
R,0.09696197509765625,RR,0.13362789154052734,0.051856279373168945
R,0.09695291519165039,RR,0.1344289779663086,0.05086541175842285
R,0.0979318618774414,RR,0.13345003128051758,0.049886465072631836
R,0.09795904159545898,RR,0.1326308250427246,0.04886937141418457
R,0.09994387626647949,RR,0.1346266269683838,0.049867868423461914
R,0.10094261169433594,RR,0.13362789154052734,0.04886913299560547
R,0.09994387626647949,RR,0.13363075256347656,0.049867868423461914
R,0.09894752502441406,RR,0.1344289779663086,0.05186200141906738
R,0.09894752502441406,RR,0.1344289779663086,0.05186200141906738
R,0.1200096607208252,RR,0.1778244972229004,0.0778806209564209
R,0.11801481246948242,RR,0.1808180809020996,0.08286762237548828
R,0.11809420585632324,RR,0.17973875999450684,0.08278584480285645
R,0.11881089210510254,RR,0.1809985637664795,0.08306670188903809
R,0.12200260162353516,RR,0.17982029914855957,0.08186125755310059
R,0.11838984489440918,RR,0.1794431209564209,0.08049559593200684
R,0.11873340606689453,RR,0.1800994873046875,0.07915687561035156
R,0.12000775337219238,RR,0.17981934547424316,0.08187079429626465
R,0.12392354011535645,RR,0.18109655380249023,0.08214902877807617
R,0.12264323234558105,RR,0.179365873336792,0.08043718338012695
R,0.12196183204650879,RR,0.17906832695007324,0.08012080192565918
R,0.1223597526550293,RR,0.1806645393371582,0.08072066307067871
R,0.09475469589233398,RR,0.20133399963378906,0.08323979377746582
R,0.09173297882080078,RR,0.20407485961914062,0.08526396751403809
R,0.09995889663696289,RR,0.20093822479248047,0.07893562316894531
R,0.0991678237915039,RR,0.20172929763793945,0.0797266960144043
R,0.09848666191101074,RR,0.20113420486450195,0.08240079879760742
R,0.09964323043823242,RR,0.20125389099121094,0.07925128936767578
R,0.0991678237915039,RR,0.20172929763793945,0.08171963691711426
R,0.09948444366455078,RR,0.20041561126708984,0.08240079879760742
R,0.0982673168182373,RR,0.20163273811340332,0.08162498474121094
R,0.0982673168182373,RR,0.20107102394104004,0.07842779159545898
R,0.09752821922302246,RR,0.20152664184570312,0.07916688919067383
R,0.09764981269836426,RR,0.20200443267822266,0.08004260063171387
R,0.0985255241394043,RR,0.20075392723083496,0.08236408233642578
R,0.12077856063842773,RR,0.24587082862854004,0.14622759819030762
R,0.12002372741699219,RR,0.2461864948272705,0.14622759819030762

R,0.12077856063842773,RR,0.2457115650177002,0.14722490310668945
R,0.12077450752258301,RR,0.24549460411071777,0.14722728729248047
R,0.1197812557220459,RR,0.24639272689819336,0.14722490310668945
R,0.1199502944946289,RR,0.24267911911010742,0.15094614028930664
R,0.12077569961547852,RR,0.24487543106079102,0.14722561836242676R,0.12077569961547852,RR,0.24770736694335938,0.1482229232788086
R,0.11977887153625488,RR,0.24575114250183105,0.1482229232788086
R,0.12177133560180664,RR,0.24549460411071777,0.14722728729248047
R,0.12177467346191406,RR,0.2457115650177002,0.14622712135314941
R,0.11957550048828125,RR,0.24695134162902832,0.14842581748962402
L,0.07547569274902344,RL,0.21009206771850586,0.08931350708007812
L,0.07647466659545898,RL,0.21009206771850586,0.08931350708007812
L,0.07333254814147949,RL,0.21223688125610352,0.09245562553405762
L,0.07333254814147949,RL,0.21223688125610352,0.09145832061767578
L,0.07421994209289551,RL,0.21134567260742188,0.09057116508483887
L,0.07421994209289551,RL,0.21234583854675293,0.09057116508483887
L,0.07721114158630371,RL,0.2085282802581787,0.0885779857635498
L,0.07421994209289551,RL,0.21035003662109375,0.08957433700561523
L,0.07532572746276855,RL,0.20904088020324707,0.08946537971496582
L,0.07621479034423828,RL,0.21035003662109375,0.08957433700561523
R,0.09627652168273926,LR,0.09989404678344727,0.024418354034423828
R,0.09557127952575684,LR,0.1012113094329834,0.025885581970214844
R,0.09620070457458496,LR,0.10181975364685059,0.024608612060546875
R,0.09519195556640625,LR,0.09972167015075684,0.025501728057861328
R,0.09627652168273926,LR,0.10309028625488281,0.024418354034423828
R,0.10018253326416016,LR,0.09783291816711426,0.024500370025634766
R,0.10018253326416016,LR,0.09783291816711426,0.024500370025634766
R,0.10033154487609863,LR,0.0987253189086914,0.0245053768157959
R,0.10033154487609863,LR,0.0987253189086914,0.0245053768157959
R,0.10117578506469727,LR,0.0987253189086914,0.0245053768157959
R,0.10117578506469727,LR,0.09972167015075684,0.023506879806518555
R,0.1003563404083252,LR,0.1005411148071289,0.024326324462890625
R,0.009972810745239258,RR,0.2570071220397949,0.16080641746520996
R,0.009973526000976562,RR,0.2577247619628906,0.1621534824371338
R,0.009974002838134766,RR,0.2581946849822998,0.16191816329956055
R,0.011881828308105469,RR,0.26027584075927734,0.1590123176574707
R,0.010972023010253906,RR,0.2601017951965332,0.15977025032043457

R,0.010972023010253906,RR,0.2601017951965332,0.15977025032043457
R,0.011968612670898438,RR,0.25810885429382324,0.162916898727417
R,0.01196742057800293,RR,0.2591054439544678,0.1579296588897705
R,0.010972023010253906,RR,0.2601017951965332,0.15892601013183594
R,0.01196742057800293,RR,0.2591054439544678,0.1579296588897705
R,0.01196742057800293,RR,0.2582859992980957,0.1579296588897705
R,0.013962984085083008,RR,0.2571136951446533,0.15693116188049316
R,0.09277081489562988,RR,0.2819180488586426,0.2719440460205078
R,0.09277081489562988,RR,0.2819180488586426,0.2689523696899414
R,0.091796875,RR,0.28289198875427246,0.26892900466918945
R,0.09279417991638184,RR,0.27989912033081055,0.2679305076599121
R,0.091796875,RR,0.2808108329772949,0.26892900466918945
R,0.09179282188415527,RR,0.2809007167816162,0.2699286937713623
R,0.09179282188415527,RR,0.28189730644226074,0.2699286937713623
R,0.09079599380493164,RR,0.2809007167816162,0.2699286937713623
R,0.09079527854919434,RR,0.28189826011657715,0.2699308395385742
R,0.09278988838195801,RR,0.2828948497772217,0.2729220390319824

R,0.09278988838195801,RR,0.28189826011657715,0.2699308395385742
R,0.09278988838195801,RR,0.28189826011657715,0.2699308395385742
R,0.09179234504699707,RR,0.28189826011657715,0.27092623710632324
R,0.136793851852417,RR,25.7028968334198,25.61012601852417
R,0.13779115676879883,RR,25.7028968334198,25.61012601852417
R,0.13579678535461426,RR,25.70291566848755,25.61012578010559
R,0.13579726219177246,RR,25.700921297073364,25.610125303268433
R,0.13579773902893066,RR,25.701918125152588,25.610125303268433
R,0.13779115676879883,RR,25.70192289352417,25.61012601852417

R,0.1397876739501953,RR,25.702919483184814,25.611122608184814
R,0.1397876739501953,RR,25.699923753738403,25.608131408691406
R,0.13879084587097168,RR,25.700920581817627,25.610125303268433
R,0.13879084587097168,RR,25.701918125152588,25.610125303268433
R,0.13878631591796875,RR,25.701921224594116,25.609131336212158
L,0.06407284736633301,RL,0.8438477516174316,0.7070538997650146
L,0.06407284736633301,RL,0.8438477516174316,0.7060565948486328
L,0.06603360176086426,RL,0.8428511619567871,0.7070538997650146
L,0.06603360176086426,RL,0.8438477516174316,0.7030634880065918
L,0.0670325756072998,RL,0.841850757598877,0.7030644416809082
L,0.0670325756072998,RL,0.841850757598877,0.7030644416809082
L,0.0700225830078125,RL,0.8388612270355225,0.7030644416809082
L,0.06902766227722168,RL,0.8398556709289551,0.7010693550109863
L,0.0670325756072998,RL,0.8428514003753662,0.7040605545043945
L,0.06603360176086426,RL,0.8428511619567871,0.7030634880065918
L,0.06603431701660156,RL,0.8428514003753662,0.7040605545043945
L,0.0700230598449707,RL,0.8428511619567871,0.7030634880065918
R,0.10323524475097656,LR,0.11606931686401367,0.051996469497680664
R,0.10235929489135742,LR,0.11694526672363281,0.0519099235534668
R,0.10335707664489746,LR,0.11694526672363281,0.050911664962768555
R,0.10323524475097656,LR,0.11606931686401367,0.051996469497680664
R,0.10236024856567383,LR,0.12093544006347656,0.05091285705566406
R,0.10341858863830566,LR,0.12093544006347656,0.05190777778625488
R,0.10235857963562012,LR,0.11794400215148926,0.05091142654418945
R,0.1043543815612793,LR,0.11694526672363281,0.050911664962768555
R,0.10335707664489746,LR,0.11694526672363281,0.050911664962768555
R,0.10634946823120117,LR,0.11794304847717285,0.04791998863220215
R,0.10634946823120117,LR,0.11694598197937012,0.050911664962768555
R,0.10634827613830566,LR,0.11794400215148926,0.05091142654418945
R,0.10634827613830566,LR,0.11794400215148926,0.05091142654418945
R,0.09416389465332031,RR,0.2301943302154541,0.12695908546447754
R,0.09416389465332031,RR,0.2301943302154541,0.12695908546447754
R,0.09316754341125488,RR,0.23131394386291504,0.12695956230163574
R,0.09410929679870605,RR,0.23037219047546387,0.1270151138305664
R,0.09410929679870605,RR,0.23037219047546387,0.12801289558410645
R,0.09416389465332031,RR,0.230316162109375,0.12695956230163574
R,0.09610223770141602,RR,0.23037219047546387,0.1270151138305664
R,0.09416341781616211,RR,0.2303152084350586,0.12396693229675293
R,0.09610223770141602,RR,0.22937440872192383,0.12302494049072266
R,0.09416317939758301,RR,0.2303168773651123,0.12795662879943848
R,0.09316563606262207,RR,0.23131442070007324,0.12789583206176758
R,0.09715580940246582,RR,0.230316162109375,0.12396669387817383
R,0.09615874290466309,RR,0.2303152084350586,0.12396693229675293
R,0.09416317939758301,RR,0.23131322860717773,0.12895464897155762
R,0.06881189346313477,RR,0.20880651473999023,0.11464262008666992
R,0.06757879257202148,RR,0.2089858055114746,0.11487650871276855
R,0.06908559799194336,RR,0.21003961563110352,0.1158757209777832
R,0.06675863265991211,RR,0.20939397811889648,0.1162264347076416

R,0.06732702255249023,RR,0.21074438095092773,0.11464214324951172
R,0.0672764778137207,RR,0.20885396003723145,0.11568832397460938
R,0.06732702255249023,RR,0.21074438095092773,0.11464214324951172
R,0.0672764778137207,RR,0.20985150337219238,0.11568832397460938
R,0.06702041625976562,RR,0.21010994911193848,0.11594653129577637
R,0.06832194328308105,RR,0.2108011245727539,0.11364531517028809

R,0.06827473640441895,RR,0.20985150337219238,0.11568832397460938
R,0.07552862167358398,RR,22.49568819999695,22.426876306533813
R,0.07253670692443848,RR,22.496684789657593,22.428361415863037
R,0.07150816917419434,RR,22.496665239334106,22.428390502929688
R,0.07214140892028809,RR,22.496665239334106,22.429388761520386
R,0.07250475883483887,RR,22.496665239334106,22.429388761520386
R,0.07352924346923828,RR,22.499443292617798,22.430357694625854
R,0.07452797889709473,RR,22.49709463119507,22.430335998535156
R,0.07552576065063477,RR,22.49668598175049,22.429358959197998
R,0.07552480697631836,RR,22.497684717178345,22.430357694625854
R,0.07552480697631836,RR,22.497684717178345,22.430357694625854
R,0.07652902603149414,RR,22.49638032913208,22.428364276885986
R,0.07552552223205566,RR,22.49744701385498,22.42986822128296
R,0.07951498031616211,RR,22.494384050369263,22.427363634109497
R,0.10385823249816895,RR,0.2760951519012451,0.20056653022766113
R,0.10306000709533691,RR,0.2738993167877197,0.19837450981140137
R,0.1027531623840332,RR,0.27417922019958496,0.19967889785766602
R,0.10360527038574219,RR,0.2743527889251709,0.19982481002807617
R,0.1028587818145752,RR,0.2750706672668457,0.20256590843200684
R,0.1028587818145752,RR,0.2750706672668457,0.20292925834655762
R,0.10333633422851562,RR,0.27462172508239746,0.1990959644317627
R,0.10375022888183594,RR,0.27417922019958496,0.20267105102539062
R,0.10175561904907227,RR,0.2752037048339844,0.19967889785766602
R,0.10380840301513672,RR,0.2741541862487793,0.19862866401672363
R,0.10280728340148926,RR,0.2721579074859619,0.19862866401672363
R,0.1027531623840332,RR,0.2752037048339844,0.19867467880249023
R,0.10474848747253418,RR,0.27719998359680176,0.19768500328063965
R,0.10133147239685059,RR,0.2454533576965332,0.1423933506011963
R,0.10017919540405273,RR,0.2463529109954834,0.14254450798034668
R,0.10232830047607422,RR,0.24414896965026855,0.13940048217773438
R,0.10501575469970703,RR,0.2415163516998291,0.13870906829833984
R,0.10332512855529785,RR,0.2432575225830078,0.14039874076843262
R,0.10118627548217773,RR,0.2454071044921875,0.14155149459838867

R,0.10332512855529785,RR,0.24572968482971191,0.1423933506011963
R,0.10332512855529785,RR,0.24599862098693848,0.1423933506011963
R,0.1043233871459961,RR,0.24414896965026855,0.14139580726623535
R,0.1043233871459961,RR,0.24414896965026855,0.1423933506011963
R,0.1043233871459961,RR,0.24414896965026855,0.14139580726623535
R,0.10532093048095703,RR,0.24414896965026855,0.14039874076843262
R,0.08561515808105469,RR,0.17559480667114258,0.07057905197143555
R,0.08561515808105469,RR,0.17075824737548828,0.07057905197143555
R,0.08607363700866699,RR,0.17029976844787598,0.07012057304382324
R,0.08661293983459473,RR,0.17075824737548828,0.06957197189331055
R,0.08661150932312012,RR,0.170914888381958,0.06758975982666016
R,0.08661150932312012,RR,0.170914888381958,0.06958341598510742
R,0.08560490608215332,RR,0.1719214916229248,0.06759810447692871
R,0.08508753776550293,RR,0.17427778244018555,0.07110762596130371
R,0.08452534675598145,RR,0.17399811744689941,0.07067298889160156
R,0.08561444282531738,RR,0.170914888381958,0.06758975982666016

R,0.08759903907775879,RR,0.1719214916229248,0.06759810447692871
R,0.08643031120300293,RR,0.17309021949768066,0.07076191902160645
R,0.08608460426330566,RR,0.17343592643737793,0.0681149959564209
R,0.06389188766479492,RR,0.9562363624572754,0.8706212043762207
R,0.06607604026794434,RR,0.95371413230896,0.868626594543457
R,0.06607604026794434,RR,0.9531519412994385,0.868626594543457
R,0.06688475608825684,RR,0.9527180194854736,0.8666443824768066
R,0.06753134727478027,RR,0.9535949230194092,0.8679797649383545
R,0.06987667083740234,RR,0.9542410373687744,0.8676280975341797
R,0.06987667083740234,RR,0.9532425403594971,0.8676280975341797
R,0.0729837417602539,RR,0.951261043548584,0.8646495342254639
R,0.06987643241882324,RR,0.9527168273925781,0.8666322231292725
R,0.07000398635864258,RR,0.9532341957092285,0.8686263561248779
R,0.07000398635864258,RR,0.9532341957092285,0.8676292896270752
R,0.0729837417602539,RR,0.9502544403076172,0.8626554012298584
R,0.09522724151611328,RR,0.1759805679321289,0.10909581184387207
R,0.09622621536254883,RR,0.17464518547058105,0.10711383819580078
R,0.09552764892578125,RR,0.17469549179077148,0.10861945152282715
R,0.09513258934020996,RR,0.17509055137634277,0.10901451110839844
R,0.0982201099395752,RR,0.17200374603271484,0.10811185836791992
R,0.09722328186035156,RR,0.17399907112121582,0.10412240028381348
R,0.09722375869750977,RR,0.17499542236328125,0.1051187515258789
R,0.09533500671386719,RR,0.17588591575622559,0.10588192939758301
R,0.09870719909667969,RR,0.1755061149597168,0.10562944412231445
R,0.09970450401306152,RR,0.17748761177062988,0.10450387001037598
R,0.09970450401306152,RR,0.17450785636901855,0.10450387001037598
R,0.09832644462585449,RR,0.17488884925842285,0.10501241683959961
R,0.09832644462585449,RR,0.17488884925842285,0.10588192939758301
R,0.09832644462585449,RR,0.17886567115783691,0.10588192939758301
R,0.06565046310424805,RR,0.24008822441101074,0.14475321769714355
R,0.06465339660644531,RR,0.24146628379821777,0.14176177978515625
R,0.06662845611572266,RR,0.23949122428894043,0.14078402519226074
R,0.06465339660644531,RR,0.24146628379821777,0.14176177978515625
R,0.06962037086486816,RR,0.2409982681274414,0.14377498626708984
R,0.07014775276184082,RR,0.24047088623046875,0.14424467086791992
R,0.06959819793701172,RR,0.23802852630615234,0.14280128479003906
R,0.06764531135559082,RR,0.24008822441101074,0.14176177978515625
R,0.06864356994628906,RR,0.24008822441101074,0.14176177978515625
R,0.06864356994628906,RR,0.24008822441101074,0.14176177978515625
R,0.08240747451782227,RR,0.12388038635253906,0.05373263359069824
R,0.08240747451782227,RR,0.1233530044555664,0.05373263359069824
R,0.08141064643859863,RR,0.12434983253479004,0.054729461669921875
R,0.08336830139160156,RR,0.12536191940307617,0.05576372146606445
R,0.08141016960144043,RR,0.12436890602111816,0.0557253360748291
R,0.08133149147033691,RR,0.12544560432434082,0.05879807472229004
R,0.08240818977355957,RR,0.1253492832183838,0.0557253360748291
R,0.08440113067626953,RR,0.12601852416992188,0.055727481842041016
R,0.08141016960144043,RR,0.12436890602111816,0.056723594665527344
R,0.08437681198120117,RR,0.1233978271484375,0.05874443054199219
R,0.08437681198120117,RR,0.1233978271484375,0.05874443054199219
R,0.10585236549377441,RR,0.22597098350524902,0.14356279373168945
R,0.10585236549377441,RR,0.22489428520202637,0.14356279373168945
R,0.10621070861816406,RR,0.22458863258361816,0.140211820602417
R,0.11102890968322754,RR,0.22478294372558594,0.1403818130493164

R,0.10920047760009766,RR,0.22558927536010742,0.14121246337890625
R,0.11102890968322754,RR,0.22574377059936523,0.14237546920776367
R,0.10884404182434082,RR,0.22597098350524902,0.14256525039672852
R,0.11119937896728516,RR,0.22561025619506836,0.1432027816772461
R,0.11020112037658691,RR,0.22561168670654297,0.14420104026794434
R,0.11119937896728516,RR,0.22561025619506836,0.1432027816772461
R,0.08150243759155273,RR,0.19420695304870605,0.08317804336547852
R,0.07983207702636719,RR,0.1958773136138916,0.08484840393066406
R,0.08268928527832031,RR,0.19219279289245605,0.0809934139251709
R,0.08368873596191406,RR,0.19219279289245605,0.0809934139251709
R,0.08282613754272461,RR,0.1930534839630127,0.08684277534484863
R,0.08282709121704102,RR,0.19205617904663086,0.08185505867004395
.08382272720336914,RR,0.19105863571166992,0.08185601234436035
R,0.08282685279846191,RR,0.19269394874572754,0.08684158325195312
R,0.08382272720336914,RR,0.19105863571166992,0.08185601234436035
R,0.08349823951721191,RR,0.1923813819885254,0.08218026161193848
R,0.08282613754272461,RR,0.19205284118652344,0.08285236358642578
R,0.07751679420471191,RR,0.14511919021606445,0.06528711318969727
R,0.0802145004272461,RR,0.14409184455871582,0.06258940696716309
R,0.07851362228393555,RR,0.14797639846801758,0.06428766250610352
R,0.0775139331817627,RR,0.14778923988342285,0.06429100036621094

R,0.07651948928833008,RR,0.1491103172302246,0.06528759002685547
R,0.07804584503173828,RR,0.1491103172302246,0.0662841796875
52
R,0.07904434204101562,RR,0.1461179256439209,0.061994075775146484
R,0.07804584503173828,RR,0.1491103172302246,0.0662841796875
R,0.07902288436889648,RR,0.14811205863952637,0.06299257278442383
R,0.07802438735961914,RR,0.14811491966247559,0.06528806686401367
R,0.07816004753112793,RR,0.14897489547729492,0.06615042686462402
R,0.0736074447631836,RR,0.09504437446594238,0.01752758026123047
R,0.07309651374816895,RR,0.09599947929382324,0.015490293502807617
R,0.07309651374816895,RR,0.09599947929382324,0.017485857009887695
R,0.07309651374816895,RR,0.09599947929382324,0.017485857009887695
R,0.07409405708312988,RR,0.09499979019165039,0.017485857009887695
R,0.0736074447631836,RR,0.09774208068847656,0.01752758026123047

R,0.07305574417114258,RR,0.09504199028015137,0.016996145248413086
R,0.07244133949279785,RR,0.0956563949584961,0.01663351058959961
R,0.07309651374816895,RR,0.09513664245605469,0.016976594924926758
R,0.07387971878051758,RR,0.09421801567077637,0.016172170639038086
R,0.07244133949279785,RR,0.0956563949584961,0.019136905670166016
R,0.07405400276184082,RR,0.09504199028015137,0.016996145248413086
R,0.07409286499023438,RR,0.0950009822845459,0.016976594924926758
R,0.1210629940032959,RR,0.9549009799957275,0.881293535232544
R,0.12119245529174805,RR,0.9557974338531494,0.8817033767700195
R,0.12119221687316895,RR,0.9548001289367676,0.8817036151885986
R,0.1210629940032959,RR,0.9549009799957275,0.881293535232544
R,0.12119221687316895,RR,0.9548001289367676,0.8817036151885986
R,0.1201941967010498,RR,0.9555842876434326,0.881704568862915
R,0.12119007110595703,RR,0.9541459083557129,0.881704568862915
R,0.1201939582824707,RR,0.9547989368438721,0.8807060718536377
R,0.12119007110595703,RR,0.9541459083557129,0.881704568862915
R,0.12119293212890625,RR,0.9547989368438721,0.8817024230957031
R,0.12218832969665527,RR,0.9545860290527344,0.8807063102722168
R,0.12218904495239258,RR,0.9547603130340576,0.8807063102722168
R,0.12218904495239258,RR,0.9547603130340576,0.881704568862915
R,0.2055649757385254,RR,0.0,-0.1210629940032959
R,0.2057497501373291,RR,0.0,-0.1210629940032959

R,0.2048954963684082,RR,0.0,-0.12218976020812988
R,0.20588374137878418,RR,0.0,-0.12119221687316895
R,0.20488643646240234,RR,0.0,-0.12119245529174805
R,0.20488524436950684,RR,0.0,-0.1201941967010498
R,0.20588350296020508,RR,0.0,-0.12218832969665527
R,0.20588278770446777,RR,0.0,-0.12119007110595703
R,0.20488667488098145,RR,0.0,-0.12119293212890625
R,0.20488524436950684,RR,0.0,-0.12218904495239258
R,0.20488667488098145,RR,0.0,-0.1201939582824707
R,0.2068803310394287,RR,0.0,-0.12218904495239258
L,0.09903407096862793,RL,0.6640760898590088,0.4591805934906006
L,0.09903407096862793,RL,0.6640760898590088,0.4591805934906006
L,0.09793925285339355,RL,0.6649303436279297,0.4593653678894043
L,0.09848403930664062,RL,0.6645286083221436,0.4596433639526367
L,0.09880971908569336,RL,0.6642117500305176,0.45932531356811523
L,0.09838151931762695,RL,0.6646311283111572,0.4577507972717285
L,0.09903407096862793,RL,0.6649303436279297,0.4591805934906006

L,0.09839105606079102,RL,0.6646230220794678,0.45973634719848633
L,0.09768199920654297,RL,0.6653306484222412,0.45944786071777344
L,0.09979915618896484,RL,0.6632134914398193,0.4583282470703125

L,0.09993624687194824,RL,0.6650707721710205,0.4581904411315918
L,0.10388588905334473,LL,0.2259531021118164,0.12615394592285156
L,0.10314416885375977,LL,0.22543048858642578,0.12703943252563477
L,0.10353612899780273,LL,0.22533583641052246,0.12743473052978516
L,0.1079874038696289,LL,0.22498059272766113,0.12704133987426758
L,0.1079874038696289,LL,0.22498059272766113,0.1259465217590332
L,0.1099863052368164,LL,0.22498059272766113,0.1259465217590332
L,0.11205482482910156,LL,0.22597813606262207,0.12694406509399414
L,0.10325455665588379,LL,0.2256174087524414,0.12680768966674805
L,0.11143136024475098,LL,0.22515344619750977,0.12521791458129883
L,0.10991668701171875,LL,0.22541213035583496,0.127730131149292
L,0.11060690879821777,LL,0.22542142868041992,0.12703990936279297
L,0.11060690879821777,LL,0.2255239486694336,0.12703990936279297
L,0.11060738563537598,LL,0.22543048858642578,0.12703943252563477
R,0.07899785041809082,LR,0.27611470222473145,0.16812729835510254
R,0.08198785781860352,LR,0.27312469482421875,0.16998052597045898
R,0.08099174499511719,LR,0.27312469482421875,0.16251730918884277
R,0.08199024200439453,LR,0.2724330425262451,0.16251635551452637

R,0.07999682426452637,LR,0.2746264934539795,0.17109036445617676
R,0.08199024200439453,LR,0.2727835178375244,0.16251635551452637
R,0.08440709114074707,LR,0.2751171588897705,0.16306233406066895

R,0.08492565155029297,LR,0.27434492111206055,0.17109036445617676
R,0.08492565155029297,LR,0.27400922775268555,0.17012333869934082
R,0.08492565155029297,LR,0.27394771575927734,0.16251635551452637
R,0.09090852737426758,LR,0.26714038848876953,0.15653347969055176
R,0.08591198921203613,LR,0.27312326431274414,0.16251635551452637
L,0.06977462768554688,RL,0.2770707607269287,0.18909764289855957
L,0.06792950630187988,RL,0.2719542980194092,0.1875472068786621
L,0.06790900230407715,RL,0.27395033836364746,0.19196009635925293
L,0.06732606887817383,RL,0.2745320796966553,0.19254422187805176
L,0.06790900230407715,RL,0.27395033836364746,0.18803834915161133
L,0.06691479682922363,RL,0.2719542980194092,0.19295644760131836
L,0.07289767265319824,RL,0.2719542980194092,0.1919574737548828

L,0.06792950630187988,RL,0.2719542980194092,0.18996405601501465
L,0.07179832458496094,RL,0.27395033836364746,0.19196009635925293
L,0.07279396057128906,RL,0.27295470237731934,0.18802905082702637
L,0.07279396057128906,RL,0.27893757820129395,0.18802905082702637
L,0.07189726829528809,RL,0.27295470237731934,0.18802905082702637
R,0.1010439395904541,LR,1.0171737670898438,0.9473991394042969
R,0.10106658935546875,LR,1.0182805061340332,0.9503509998321533
R,0.10106730461120605,LR,1.0172832012176514,0.9503684043884277
R,0.10106658935546875,LR,1.0182805061340332,0.9503509998321533
R,0.10104799270629883,LR,1.0182960033416748,0.9463987350463867
R,0.10106611251831055,LR,1.018280267715454,0.9474787712097168
R,0.10106611251831055,LR,1.0176968574523926,0.9503707885742188
R,0.10206389427185059,LR,1.0182805061340332,0.945382833480835
R,0.10404038429260254,LR,1.0182960033416748,0.9455020427703857
R,0.10306119918823242,LR,1.0182795524597168,0.9503705501556396
R,0.10405850410461426,LR,1.0182795524597168,0.9464812278747559
R,0.10204672813415527,LR,1.0182960033416748,0.9463987350463867
R,0.10306096076965332,LR,1.0192770957946777,0.9513680934906006
L,0.09879088401794434,RL,0.23342537879943848,0.13238143920898438
L,0.0995635986328125,RL,0.23244953155517578,0.13138222694396973
L,0.09756946563720703,RL,0.23444461822509766,0.1333780288696289
L,0.09756946563720703,RL,0.23444461822509766,0.13238072395324707
L,0.09982800483703613,RL,0.2334287166595459,0.12938833236694336
L,0.09835362434387207,RL,0.23344635963439941,0.13238024711608887
L,0.09783363342285156,RL,0.23344635963439941,0.13238024711608887
L,0.09882974624633789,RL,0.23442697525024414,0.1333789825439453
L,0.09882974624633789,RL,0.23245024681091309,0.12938928604125977
L,0.09762835502624512,RL,0.23442697525024414,0.1303865909576416
L,0.09762835502624512,RL,0.23344779014587402,0.1303865909576416
L,0.09862661361694336,RL,0.23444461822509766,0.1333780288696289
L,0.09933996200561523,RL,0.23444390296936035,0.1303853988647461
L,0.07534360885620117,LL,0.2675468921661377,0.16875600814819336
L,0.07534337043762207,LL,0.2655515670776367,0.16692495346069336
L,0.07534360885620117,LL,0.2675468921661377,0.1679832935333252L,0.07446956634521484,LL,0.26654720306396484,0.16891884803771973
L,0.07416939735412598,LL,0.266726016998291,0.16837239265441895
L,0.07534432411193848,LL,0.26654720306396484,0.16891884803771973
L,0.07601523399353027,LL,0.26587629318237305,0.16704654693603516
L,0.07733821868896484,LL,0.2655515670776367,0.1679821014404297
L,0.07481741905212402,LL,0.2671976089477539,0.16736960411071777
L,0.07534432411193848,LL,0.2655510902404785,0.16621112823486328
L,0.07516622543334961,LL,0.266726016998291,0.16889238357543945
R,0.09609842300415039,LR,0.14568567276000977,0.0703420639038086
R,0.09472322463989258,LR,0.14727234840393066,0.07245492935180664
R,0.09582734107971191,LR,0.14781427383422852,0.07047605514526367
R,0.09480762481689453,LR,0.14765715599060059,0.07348775863647461
R,0.09472322463989258,LR,0.1479206085205078,0.07158017158508301
R,0.09696602821350098,LR,0.14667558670043945,0.07133221626281738
R,0.09696602821350098,LR,0.1476726531982422,0.07232904434204102
R,0.09696602821350098,LR,0.1476726531982422,0.07133221626281738
R,0.09766769409179688,LR,0.14798188209533691,0.07263755798339844
R,0.09766769409179688,LR,0.14798188209533691,0.07263755798339844
R,0.09732532501220703,LR,0.1476750373840332,0.07320547103881836
R,0.0979928970336914,LR,0.14749479293823242,0.07232856750488281
R,0.09868073463439941,LR,0.14703631401062012,0.07263755798339844
R,0.08545088768005371,RR,0.3001401424407959,0.20317411422729492
R,0.08345532417297363,RR,0.3021271228790283,0.20602869987487793
R,0.08545088768005371,RR,0.3001401424407959,0.20317411422729492
R,0.08445405960083008,RR,0.3001401424407959,0.20317411422729492
R,0.08744597434997559,RR,0.29900145530700684,0.20317411422729492
R,0.08644819259643555,RR,0.29889512062072754,0.20417189598083496
R,0.08644819259643555,RR,0.29889512062072754,0.20417189598083496
R,0.08644819259643555,RR,0.2978377342224121,0.1991569995880127
R,0.08587026596069336,RR,0.2984139919281006,0.20360636711120605
R,0.08527302742004395,RR,0.2983250617980957,0.2003321647644043
R,0.08729672431945801,RR,0.29889512062072754,0.20417189598083496
R,0.08826327323913574,RR,0.2978377342224121,0.20017004013061523
R,0.08826327323913574,RR,0.2978377342224121,0.20017004013061523
R,0.04705643653869629,RR,0.2380061149597168,0.15455079078674316
R,0.054595947265625,RR,0.2323441505432129,0.1478900909423828
R,0.05259060859680176,RR,0.23434948921203613,0.14889860153198242
R,0.05259060859680176,RR,0.23434948921203613,0.14690351486206055
R,0.05259060859680176,RR,0.2333517074584961,0.14690351486206055
R,0.049497127532958984,RR,0.23644518852233887,0.14914846420288086
R,0.05259060859680176,RR,0.2333517074584961,0.14690351486206055
R,0.0504755973815918,RR,0.2374429702758789,0.14914846420288086
R,0.054595947265625,RR,0.2323441505432129,0.14689326286315918

R,0.057569265365600586,RR,0.23017120361328125,0.1448981761932373
R,0.0504755973815918,RR,0.23644518852233887,0.14818191528320312
L,0.07700753211975098,RL,136.13182616233826,136.08476972579956
L,0.0783233642578125,RL,136.13707542419434,136.08448481559753
L,0.07692480087280273,RL,136.14047932624817,136.08291006088257
L,0.0781552791595459,RL,136.1382508277893,136.08365488052368

L,0.07501387596130371,RL,136.13747644424438,136.08488583564758
L,0.0789179801940918,RL,136.13748812675476,136.08289217948914
L,0.0776214599609375,RL,136.13468384742737,136.0851867198944
L,0.07892084121704102,RL,136.1353805065155,136.0849049091339
L,0.07927846908569336,RL,136.13502287864685,136.08454728126526
L,0.07892084121704102,RL,136.1353805065155,136.0849049091339
L,0.07873773574829102,RL,136.1365611553192,136.08508849143982
R,0.13837432861328125,LR,0.1828322410583496,0.10582470893859863
R,0.13779425621032715,LR,0.1826496124267578,0.10449433326721191
R,0.1387932300567627,LR,0.1823413372039795,0.10349631309509277
R,0.13868165016174316,LR,0.18317317962646484,0.10460400581359863
R,0.13737750053405762,LR,0.18283438682556152,0.10782051086425781
R,0.13779616355895996,LR,0.18341398239135742,0.10648918151855469
R,0.13779211044311523,LR,0.18311500549316406,0.10549354553222656
R,0.13879156112670898,LR,0.18223333358764648,0.10349559783935547
R,0.13879156112670898,LR,0.18341398239135742,0.1044931411743164
R,0.1397871971130371,LR,0.1824183464050293,0.10349750518798828
R,0.10718631744384766,RR,0.2685534954071045,0.13117599487304688
R,0.10994458198547363,RR,0.26821351051330566,0.13041925430297852
R,0.11093735694885254,RR,0.26879358291625977,0.13041925430297852
R,0.10925841331481934,RR,0.2688920497894287,0.13109993934631348
R,0.10918164253234863,RR,0.26827526092529297,0.13017988204956055
R,0.11225485801696777,RR,0.26778483390808105,0.1291031837463379
R,0.10926556587219238,RR,0.2688925266265869,0.13109827041625977
R,0.1088566780090332,RR,0.26929783821105957,0.1315016746520996
R,0.10825920104980469,RR,0.26889562606811523,0.13010406494140625
R,0.11225485801696777,RR,0.2688925266265869,0.13009929656982422
R,0.1088566780090332,RR,0.26929783821105957,0.1315016746520996
R,0.10925841331481934,RR,0.2688920497894287,0.1291048526763916
R,0.10925841331481934,RR,0.2688920497894287,0.13109993934631348
R,0.10150504112243652,RR,0.26638031005859375,0.15643572807312012
R,0.1003413200378418,RR,0.2668650150299072,0.15461015701293945
R,0.10020971298217773,RR,0.2666010856628418,0.15741944313049316
R,0.10102248191833496,RR,0.26578831672668457,0.15860199928283691
R,0.10120630264282227,RR,0.26568102836608887,0.15642261505126953
R,0.10150504112243652,RR,0.2657012939453125,0.15643572807312012
R,0.10112977027893066,RR,0.26545214653015137,0.15649652481079102
R,0.10013270378112793,RR,0.2667546272277832,0.15749621391296387
R,0.09965372085571289,RR,0.266829252243042,0.1579725742340088
R,0.10006833076477051,RR,0.2664146423339844,0.15755796432495117
R,0.102203369140625,RR,0.26568102836608887,0.15642261505126953
R,0.10112977027893066,RR,0.26575541496276855,0.15749621391296387
L,0.06476402282714844,RL,0.6166536808013916,0.5142354965209961
L,0.06430840492248535,RL,0.6165881156921387,0.5153818130493164
L,0.0651392936706543,RL,0.6157405376434326,0.5142354965209961

L,0.06590414047241211,RL,0.6158051490783691,0.5154638290405273
L,0.06375455856323242,RL,0.6155903339385986,0.5159366130828857
L,0.06429314613342285,RL,0.6154663562774658,0.5153980255126953
L,0.06457948684692383,RL,0.6161341667175293,0.5151116847991943
L,0.06630396842956543,RL,0.6155145168304443,0.5153818130493164
L,0.06552577018737793,RL,0.6162927150726318,0.5151629447937012
L,0.06630396842956543,RL,0.6165881156921387,0.5143847465515137
L,0.050301313400268555,LL,615.0334942340851,614.967193365097
L,0.051296234130859375,LL,615.0327684879303,614.9681890010834
L,0.050301313400268555,LL,615.0330975055695,614.967193365097
L,0.051225900650024414,LL,615.0330128669739,614.9692583084106
L,0.05146622657775879,LL,615.0335514545441,614.9692583084106
L,0.04923129081726074,LL,615.0345647335052,614.9682607650757
L,0.05428886413574219,LL,615.0324833393097,614.9681901931763
L,0.05322074890136719,LL,615.0337865352631,614.9682607650757
L,0.05322074890136719,LL,615.0345647335052,614.9682607650757
L,0.05628371238708496,LL,615.0324461460114,614.9681890010834
L,0.055284976959228516,LL,615.0331647396088,614.9691877365112
L,0.0565495491027832,LL,615.0333294868469,614.9681901931763
L,0.0565495491027832,LL,615.0333294868469,614.9685654640198
R,0.10746169090270996,LR,0.7469704151153564,0.6904208660125732R,0.11345291137695312,LR,0.7409791946411133,0.6844296455383301
R,0.1084589958190918,LR,0.745974063873291,0.6956727504730225
R,0.10945487022399902,LR,0.745974063873291,0.689690351486206
R,0.10947155952453613,LR,0.7449605464935303,0.6906716823577881
R,0.10847353935241699,LR,0.7438924312591553,0.6946611404418945
R,0.11045289039611816,LR,0.7429111003875732,0.6914448738098145
R,0.11146855354309082,LR,0.7429635524749756,0.6886746883392334
R,0.11045289039611816,LR,0.7449753284454346,0.689690351486206
R,0.10945487022399902,LR,0.7429111003875732,0.689690351486206
L,0.10317611694335938,RL,0.2390434741973877,0.12857413291931152
L,0.10386967658996582,RL,0.23933124542236328,0.12887835502624512
L,0.10289812088012695,RL,0.23631668090820312,0.12785768508911133
L,0.10816121101379395,RL,0.2360379695892334,0.12857627868652344
L,0.10753417015075684,RL,0.23704981803894043,0.12857627868652344
L,0.1065366268157959,RL,0.23804736137390137,0.12857580184936523
L,0.108245849609375,RL,0.2373194694519043,0.12686657905578613
L,0.108245849609375,RL,0.2373194694519043,0.12786459922790527
L,0.10753417015075684,RL,0.23904681205749512,0.1275782585144043
L,0.10924863815307617,RL,0.23631668090820312,0.12785768508911133
L,0.10998868942260742,RL,0.24119853973388672,0.1277456283569336

S,0.1341557502746582,LS,0.25182271003723145,0.14183402061462402
S,0.13515353202819824,LS,0.251711368560791,0.14881324768066406

S,0.13814449310302734,LS,0.25199007987976074,0.1438288688659668
S,0.1391429901123047,LS,0.251711368560791,0.14246273040771484
S,0.13814568519592285,LS,0.2517058849334717,0.14346003532409668
S,0.13814568519592285,LS,0.2509942054748535,0.14346003532409668
S,0.1391429901123047,LS,0.251711368560791,0.14246273040771484
S,0.13814377784729004,LS,0.25199246406555176,0.14445829391479492
S,0.13814377784729004,LS,0.25199246406555176,0.14445829391479492
S,0.13814377784729004,LS,0.2509949207305908,0.14445829391479492
S,0.1368732452392578,LS,0.25196290016174316,0.14809322357177734
L,0.15920209884643555,SL,2.6461620330810547,2.5110085010528564
L,0.16019868850708008,SL,2.6461620330810547,2.5080175399780273
L,0.16019868850708008,SL,2.6461620330810547,2.50701904296875
L,0.17225050926208496,SL,2.637103319168091,2.5029475688934326
L,0.16209912300109863,SL,2.6452581882476807,2.5071144104003906LL,0.1611020565032959,SL,2.6452581882476807,2.5071144104003906L,0.16327333450317383,SL,2.6425435543060303,2.507935047149658
L,0.17225050926208496,SL,2.6341097354888916,2.4959659576416016
L,0.16209912300109863,SL,2.646256446838379,2.508110761642456
L,0.16209912300109863,SL,2.6439876556396484,2.5071144104003906
L,0.16209912300109863,SL,2.644261360168457,2.5071144104003906
L,0.29395413398742676,LL,0.0,-0.17225050926208496
L,0.2848939895629883,LL,0.0,-0.16019868850708008
L,0.2848939895629883,LL,0.0,-0.16019868850708008
L,0.2848939895629883,LL,0.0,-0.15920209884643555
L,0.2848939895629883,LL,0.0,-0.16119647026062012
L,0.28592824935913086,LL,0.0,-0.16219377517700195
L,0.2848365306854248,LL,0.0,-0.16209912300109863
L,0.2859668731689453,LL,0.0,-0.16209912300109863
L,0.2859668731689453,LL,0.0,-0.1611020565032959
L,0.28797030448913574,LL,0.0,-0.16327333450317383
L,0.2979445457458496,LL,0.0,-0.17225050926208496
L,0.2877919673919678,LL,0.0,-0.16209912300109863
L,0.2877919673919678,LL,0.0,-0.16209912300109863
R,0.09219956398010254,LR,0.7363486289978027,0.442394495010376
R,0.09245085716247559,LR,0.7271935939788818,0.44229960441589355
R,0.09395599365234375,LR,0.7261018753051758,0.44013500213623047
R,0.09386801719665527,LR,0.7262918949127197,0.44139790534973145
R,0.09395599365234375,LR,0.7271935939788818,0.44229960441589355
R,0.09395599365234375,LR,0.7271935939788818,0.44229960441589355
R,0.09495353698730469,LR,0.7372503280639648,0.43930578231811523
R,0.09394645690917969,LR,0.7292802333831787,0.44130992889404297
R,0.09495353698730469,LR,0.7270989418029785,0.43930697441101074
R,0.09595060348510742,LR,0.7271935939788818,0.441265344619751
R,0.09695792198181152,LR,0.7261018753051758,0.441265344619751

R,0.09495377540588379,LR,0.7281060218811035,0.4421391487121582
L,0.09819197654724121,RL,0.10673952102661133,0.012783527374267578
L,0.09817075729370117,RL,0.10873174667358398,0.013778209686279297
L,0.09839749336242676,RL,0.10750722885131836,0.011556625366210938
L,0.10315918922424316,RL,0.10664033889770508,0.012772321701049805
L,0.10437536239624023,RL,0.10573863983154297,0.013287782669067383
L,0.1051487922668457,RL,0.10673952102661133,0.012783527374267578
L,0.1042320728302002,RL,0.10886025428771973,0.013906717300415039

L,0.1042320728302002,RL,0.10886025428771973,0.011902332305908203
L,0.10523676872253418,RL,0.10772466659545898,0.012770891189575195
L,0.10519170761108398,RL,0.10790061950683594,0.013944625854492188
L,0.10519170761108398,RL,0.10790061950683594,0.010942697525024414
S,0.13304710388183594,LS,0.36896300315856934,0.2645876407623291
S,0.1314253807067871,LS,0.3679640293121338,0.27079105377197266
S,0.13304710388183594,LS,0.36996006965637207,0.26977014541625977
S,0.13603973388671875,LS,0.3689589500427246,0.2707669734954834
S,0.13703656196594238,LS,0.36896300315856934,0.26580381393432617
S,0.13538861274719238,LS,0.36884236335754395,0.2704448699951172
S,0.13603973388671875,LS,0.3689589500427246,0.2638101577758789
S,0.1350421905517578,LS,0.36879539489746094,0.26360368728637695
S,0.13603997230529785,LS,0.36696720123291016,0.261730432510376
S,0.13603997230529785,LS,0.36879539489746094,0.26360368728637695
S,0.13603997230529785,LS,0.36783576011657715,0.26360368728637695
S,0.13454341888427734,LS,0.36933231353759766,0.26510024070739746
S,0.13584160804748535,LS,0.3681676387786865,0.2709813117980957
S,0.13627076148986816,LS,0.36876440048217773,0.27059364318847656
S,0.18401169776916504,SS,100.34316563606262,100.21011853218079
S,0.18198442459106445,SS,100.3441960811615,100.20815634727478
S,0.18401169776916504,SS,100.34316563606262,100.20612907409668
S,0.17801976203918457,SS,100.3512921333313,100.21525239944458
S,0.1865372657775879,SS,100.34316563606262,100.21011853218079
S,0.17801976203918457,SS,100.35029458999634,100.21525239944458
S,0.1790170669555664,SS,100.35029458999634,100.21425461769104
S,0.18003249168395996,SS,100.35029458999634,100.21425461769104
S,0.17876005172729492,SS,100.34905505180359,100.21451163291931
S,0.1842789649963379,SS,100.35055160522461,100.21451163291931
S,0.18654394149780273,SS,100.34949469566345,100.21322393417358
S,0.18972992897033691,SS,100.35029649734497,100.21887111663818
S,0.19732904434204102,SS,100.34978604316711,100.21394443511963
S,0.20512866973876953,SS,100.34456038475037,100.20917177200317
S,0.256152868270874,SS,0.0,-0.18654394149780273
S,0.25871825218200684,SS,0.0,-0.20512866973876953
S,0.26014041900634766,SS,0.0,-0.18972992897033691
S,0.2614450454711914,SS,0.0,-0.19732904434204102
S,0.25163865089416504,SS,0.0,-0.17801976203918457
S,0.2702648639678955,SS,0.0,-0.18401169776916504
S,0.2702648639678955,SS,0.0,-0.18401169776916504
S,0.26189708709716797,SS,0.0,-0.18003249168395996
S,0.27102041244506836,SS,0.0,-0.1865372657775879
S,0.2682375907897949,SS,0.0,-0.18198442459106445
S,0.26189708709716797,SS,0.0,-0.1790170669555664
S,0.26189708709716797,SS,0.0,-0.17801976203918457
