R,0.04288458824157715,LR,1586344511.1086233,1586344511.1086233
R,0.009974479675292969,RR,0.05684781074523926,0.01396322250366211
R,0.04388284683227539,RR,0.0,-0.009974479675292969
L,0.01595592498779297,RL,0.12167668342590332,0.07779383659362793
L,0.02293682098388672,LL,0.0,-0.01595592498779297
R,0.049866676330566406,LR,0.04288363456726074,0.019946813583374023
L,0.002993345260620117,RL,0.07380270957946777,0.023936033248901367
L,0.07978701591491699,LL,0.0,-0.002993345260620117
L,0.0009982585906982422,LL,0.08676767349243164,0.0069806575775146484
L,0.003990650177001953,LL,0.0,-0.0009982585906982422
R,0.09075665473937988,LR,0.017952680587768555,0.013962030410766602
R,0.002992391586303711,RR,0.11070418357849121,0.019947528839111328
R,0.03390860557556152,RR,0.0,-0.002992391586303711
R,0.09175395965576172,RR,0.0,-0.03390860557556152
L,0.013962984085083008,RL,0.11469268798828125,0.02293872833251953
L,0.023937463760375977,LL,0.0,-0.013962984085083008
R,0.08776497840881348,LR,0.12466740608215332,0.10072994232177734
R,0.01695561408996582,RR,0.09474635124206543,0.006981372833251953
R,0.039896249771118164,RR,0.0,-0.01695561408996582
R,0.053858041763305664,RR,0.0,-0.039896249771118164
R,0.06283140182495117,RR,0.0,-0.053858041763305664
R,0.07280492782592773,RR,0.0,-0.06283140182495117
L,0.013964653015136719,RL,1.722395658493042,1.6495907306671143
L,0.047867774963378906,LL,0.05087018013000488,0.036905527114868164
R,0.0797872543334961,LR,0.05783987045288086,0.009972095489501953
R,0.08776640892028809,RR,0.0,-0.0797872543334961
L,0.000997781753540039,RL,0.1047205924987793,0.01695418357849121
R,0.07878684997558594,LR,0.01695728302001953,0.015959501266479492
L,0.00597834587097168,RL,0.08477616310119629,0.0059893131256103516
R,0.001993894577026367,LR,0.05385088920593262,0.04787254333496094
R,0.0498652458190918,RR,0.0,-0.001993894577026367
,1586344514.0956397,L,0,0
L,0.04388117790222168,RL,0.056847572326660156,0.006982326507568359
L,0.045877933502197266,L,1586344514.1006255,0.004985809326171875
R,0.004983425140380859,LR,0.08577299118041992,0.039895057678222656
R,0.006981372833251953,LR,0.08377504348754883,0.03989386558532715
L,0.000997304916381836,RL,0.015958309173583984,0.008976936340332031
L,0.003991127014160156,RL,0.01196432113647461,0.00698089599609375
R,0.049866676330566406,LR,0.028922319412231445,0.02792501449584961
R,0.051853179931640625,LR,0.030927181243896484,0.026936054229736328
R,0.004988908767700195,RR,0.06881499290466309,0.01894831657409668
R,0.003988742828369141,RR,0.07180023193359375,0.019947052001953125
L,0.0019941329956054688,RL,0.011969327926635742,0.006980419158935547
L,0.001989126205444336,RL,0.01097559928894043,0.006986856460571289
L,0.08975958824157715,LL,0.0,-0.0019941329956054688
L,0.09075164794921875,LL,0.0,-0.001989126205444336
R,0.0009963512420654297,LR,0.10072755813598633,0.009975910186767578
R,0.001992464065551758,LR,0.1017301082611084,0.01197052001953125
R,0.01894664764404297,RR,0.0,-0.0009963512420654297
R,0.020941734313964844,RR,0.0,-0.001992464065551758
L,0.0029926300048828125,RL,0.11768341064453125,0.09873676300048828
L,0.0029900074005126953,RL,0.11967945098876953,0.09873771667480469
L,0.0049896240234375,LL,0.005983114242553711,0.0029931068420410156
L,0.004988431930541992,LL,0.00997304916381836,0.006980419158935547
L,0.01795363426208496,LL,0.0,-0.0049896240234375
L,0.016955852508544922,LL,0.0,-0.004988431930541992
R,0.09175443649291992,LR,0.02094292640686035,0.0029892921447753906
R,0.09075760841369629,LR,0.020944595336914062,0.003988742828369141
R,0.005983114242553711,RR,0.1047201156616211,0.012965679168701172
R,0.005982398986816406,RR,0.10372304916381836,0.01296544075012207
R,0.009972333908081055,RR,0.0,-0.005982398986816406
R,0.012965679168701172,RR,0.0,-0.005983114242553711
L,0.012963056564331055,RL,0.09774065017700195,0.08477497100830078
L,0.012967109680175781,RL,0.09773802757263184,0.08776569366455078
L,0.03989052772521973,LL,0.0,-0.012963056564331055
L,0.0388946533203125,LL,0.0,-0.012967109680175781
L,0.05984067916870117,LL,0.0,-0.0388946533203125
L,0.06283140182495117,LL,0.0,-0.03989052772521973
R,0.06283116340637207,LR,0.06482696533203125,0.001995563507080078
R,0.06482768058776855,LR,0.06283283233642578,0.0029921531677246094
L,0.008974075317382812,RL,0.08078289031982422,0.01795172691345215
L,0.010969877243041992,RL,0.08078384399414062,0.01595616340637207
L,0.05385446548461914,LL,0.0,-0.010969877243041992
L,0.05385589599609375,LL,0.0,-0.008974075317382812
R,0.0249330997467041,LR,0.08477258682250977,0.030916690826416016
R,0.028919219970703125,LR,0.08377933502197266,0.029924869537353516
L,0.05485200881958008,RL,0.07480049133300781,0.04986739158630371
L,0.054852962493896484,RL,0.07878780364990234,0.04986858367919922
R,0.0029942989349365234,LR,0.0827791690826416,0.027927160263061523
R,0.002992868423461914,LR,0.08177876472473145,0.02692580223083496
R,0.005982875823974609,RR,0.0,-0.0029942989349365234
R,0.005985260009765625,RR,0.0,-0.002992868423461914
L,0.06183338165283203,RL,0.007979631423950195,0.0019943714141845703
L,0.06482815742492676,RL,0.007977724075317383,0.0019948482513427734
L,0.09375691413879395,LL,0.0,-0.06183338165283203
L,0.09773993492126465,LL,0.0,-0.06482815742492676
L,0.11668801307678223,LL,0.0,-0.09375691413879395
L,0.11968016624450684,LL,0.0,-0.09773993492126465
L,0.0668191909790039,LL,0.19348382949829102,0.07380366325378418
L,0.06981396675109863,LL,0.19148635864257812,0.0747983455657959
L,0.08776497840881348,LL,0.0,-0.06981396675109863
L,0.09075641632080078,LL,0.0,-0.0668191909790039
L,0.0019943714141845703,LL,0.09374880790710449,0.002992391586303711
L,0.01096963882446289,LL,0.0,-0.002992391586303711
L,0.011968135833740234,LL,0.0,-0.0019943714141845703
L,0.06781864166259766,LL,0.0,-0.011968135833740234
L,0.06981611251831055,LL,0.0,-0.01096963882446289
R,0.03989410400390625,LR,0.16555571556091309,0.09773707389831543
R,0.039891958236694336,LR,0.16855096817016602,0.09873485565185547
L,0.03690195083618164,RL,0.06981205940246582,0.029920101165771484
L,0.042887210845947266,RL,0.06981396675109863,0.029919862747192383
L,0.042885780334472656,LL,0.0,-0.03690195083618164
L,0.0468752384185791,LL,0.0,-0.042887210845947266
R,0.024933815002441406,LR,0.08676815032958984,0.03989291191101074
R,0.027921199798583984,LR,0.08278346061706543,0.03989768028259277
R,0.03390359878540039,RR,0.0,-0.027921199798583984
R,0.03390955924987793,RR,0.0,-0.024933815002441406
L,0.08676862716674805,RL,0.04288601875305176,0.008976459503173828
L,0.08976149559020996,RL,0.04387688636779785,0.009973287582397461
L,0.0797882080078125,LL,0.20046520233154297,0.11070370674133301
L,0.08377575874328613,LL,0.19747257232666016,0.11070394515991211
L,0.09873485565185547,LL,0.0,-0.0797882080078125
L,0.10272502899169922,LL,0.0,-0.08377575874328613
L,0.12566328048706055,LL,0.0,-0.09873485565185547
L,0.129652738571167,LL,0.0,-0.10272502899169922
L,0.14860200881958008,LL,0.0,-0.12566328048706055
L,0.15259170532226562,LL,0.0,-0.129652738571167
L,0.09474587440490723,LL,0.3291192054748535,0.1765275001525879
L,0.09474587440490723,LL,0.32912111282348633,0.18051910400390625
L,0.11968231201171875,LL,0.0,-0.09474587440490723
L,0.1186833381652832,LL,0.0,-0.09474587440490723
R,0.016954421997070312,LR,0.12167572975158691,0.001993417739868164
R,0.015957355499267578,LR,0.1216745376586914,0.002991199493408203
R,0.03390765190124512,RR,0.0,-0.016954421997070312
R,0.03291130065917969,RR,0.0,-0.015957355499267578
L,0.10471940040588379,RL,0.04787135124206543,0.013963699340820312
L,0.1047205924987793,RL,0.046874284744262695,0.013962984085083008
L,0.12067651748657227,LL,0.0,-0.10471940040588379
L,0.12067770957946777,LL,0.0,-0.1047205924987793
R,0.04587602615356445,LR,0.20844292640686035,0.08776640892028809
R,0.047872304916381836,LR,0.20844268798828125,0.08776497840881348
L,0.0039882659912109375,RL,0.1266613006591797,0.08078527450561523
L,0.00399017333984375,RL,0.12666034698486328,0.07878804206848145
L,0.04188680648803711,LL,0.0,-0.0039882659912109375
L,0.04288601875305176,LL,0.0,-0.00399017333984375
R,0.0059833526611328125,LR,0.11469388008117676,0.071807861328125
R,0.007979869842529297,LR,0.11469268798828125,0.07280588150024414
R,0.03390932083129883,RR,0.0,-0.0059833526611328125
R,0.03590536117553711,RR,0.0,-0.007979869842529297
R,0.07878875732421875,RR,0.0,-0.03390932083129883
R,0.0857703685760498,RR,0.0,-0.03590536117553711
R,0.018949508666992188,RR,0.10871028900146484,0.02293992042541504
R,0.018950939178466797,RR,0.10870933532714844,0.029920578002929688
R,0.03191399574279785,RR,0.041889190673828125,0.022938251495361328
R,0.03690290451049805,RR,0.03989219665527344,0.02094268798828125
R,0.05584979057312012,RR,0.0,-0.03191399574279785
R,0.05984067916870117,RR,0.0,-0.03690290451049805
L,0.050861358642578125,RL,0.10671615600585938,0.05086636543273926
L,0.059839487075805664,RL,0.10871052742004395,0.04886984825134277
R,0.003986358642578125,LR,0.06183433532714844,0.010972976684570312
R,0.007980108261108398,LR,0.0608363151550293,0.0009968280792236328
R,0.041886091232299805,RR,0.0,-0.003986358642578125
R,0.042885541915893555,RR,0.0,-0.007980108261108398
R,0.03789806365966797,RR,0.05585145950317383,0.012965917587280273
R,0.0388951301574707,RR,0.05485248565673828,0.012966394424438477
R,0.053853750228881836,RR,0.0,-0.0388951301574707
R,0.05585336685180664,RR,0.0,-0.03789806365966797
L,0.0388951301574707,RL,0.11369609832763672,0.05784273147583008
L,0.03989434242248535,RL,0.11369490623474121,0.059841156005859375
L,0.04886817932128906,LL,0.0,-0.0388951301574707
L,0.04986858367919922,LL,0.0,-0.03989434242248535
L,0.08178067207336426,LL,0.0,-0.04886817932128906
L,0.0827789306640625,LL,0.0,-0.04986858367919922
R,0.029920101165771484,LR,0.11967873573303223,0.03789806365966797
R,0.029920101165771484,LR,0.11967968940734863,0.03690075874328613
L,0.04388117790222168,RL,0.08577156066894531,0.05585145950317383
L,0.04786849021911621,RL,0.08577704429626465,0.055856943130493164
L,0.07180166244506836,LL,0.0,-0.04786849021911621
L,0.07280564308166504,LL,0.0,-0.04388117790222168
L,0.002995014190673828,LL,0.1296529769897461,0.056847333908081055
L,0.002990245819091797,LL,0.13264203071594238,0.06084036827087402
L,0.005983829498291016,LL,0.0,-0.002995014190673828
L,0.005987882614135742,LL,0.0,-0.002990245819091797
R,0.08577179908752441,LR,0.016952037811279297,0.010964155197143555
R,0.08377528190612793,LR,0.019946575164794922,0.013962745666503906
R,0.10671734809875488,RR,0.0,-0.08377528190612793
R,0.10871267318725586,RR,0.0,-0.08577179908752441
R,0.06482768058776855,RR,0.17852258682250977,0.0698099136352539
R,0.06682109832763672,RR,0.1795201301574707,0.07280278205871582
L,0.03390836715698242,RL,0.15658140182495117,0.08976030349731445
L,0.036904096603393555,RL,0.15857720375061035,0.0937495231628418
L,0.039893388748168945,LL,0.0,-0.036904096603393555
L,0.04188871383666992,LL,0.0,-0.03390836715698242
L,0.08975887298583984,LL,0.0,-0.039893388748168945
L,0.09175443649291992,LL,0.0,-0.04188871383666992
L,0.08676743507385254,LL,0.15558409690856934,0.06582522392272949
L,0.08976078033447266,LL,0.1545860767364502,0.06283164024353027
L,0.10372400283813477,LL,0.0,-0.08976078033447266
L,0.1047201156616211,LL,0.0,-0.08676743507385254
L,0.005984783172607422,LL,0.26329660415649414,0.15857648849487305
L,0.004984855651855469,LL,0.26629042625427246,0.1625664234161377
R,0.04487895965576172,LR,0.07579612731933594,0.07081127166748047
R,0.048879384994506836,LR,0.07579565048217773,0.06981086730957031
R,0.08677315711975098,RR,0.0,-0.048879384994506836
R,0.08577132225036621,RR,0.0,-0.04487895965576172
L,0.09574127197265625,RL,0.12965726852416992,0.042884111404418945
L,0.09973478317260742,RL,0.12566256523132324,0.03989124298095703
R,0.12765860557556152,LR,0.2104344367980957,0.11469316482543945
R,0.1256728172302246,LR,0.21642255783081055,0.11668777465820312
R,0.03889322280883789,RR,0.13663697242736816,0.00897836685180664
R,0.04188990592956543,RR,0.13065004348754883,0.004977226257324219
R,0.06881427764892578,RR,0.0,-0.03889322280883789
R,0.07180905342102051,RR,0.0,-0.04188990592956543
L,0.07779407501220703,RL,0.11469292640686035,0.042883872985839844
L,0.07380151748657227,RL,0.11568975448608398,0.0468754768371582
R,0.08876323699951172,LR,0.14760375022888184,0.07380223274230957
R,0.0857706069946289,LR,0.15458893775939941,0.07679486274719238
R,0.0877692699432373,RR,0.0,-0.0857706069946289
R,0.09275388717651367,RR,0.0,-0.08876323699951172
R,0.0937502384185791,RR,0.0,-0.09275388717651367
R,0.09075665473937988,RR,0.0,-0.0877692699432373
L,0.0937497615814209,RL,0.13663578033447266,0.042885541915893555
L,0.09474992752075195,RL,0.13364171981811523,0.04288506507873535
L,0.13065266609191895,LL,0.0,-0.0937497615814209
L,0.13364267349243164,LL,0.0,-0.09474992752075195
L,0.050864458084106445,LL,0.24135422706604004,0.1077115535736084
L,0.05086469650268555,LL,0.24434590339660645,0.1136932373046875
L,0.001993894577026367,LL,0.2234039306640625,0.17253923416137695
L,0.00399017333984375,LL,0.22440052032470703,0.17353606224060059
R,0.05385565757751465,LR,0.042884111404418945,0.04089021682739258
R,0.05386066436767578,LR,0.045877695083618164,0.041887521743774414
R,0.0548553466796875,RR,0.0,-0.05386066436767578
R,0.058844804763793945,RR,0.0,-0.05385565757751465
R,0.0009989738464355469,RR,0.12167501449584961,0.06681966781616211
R,0.003988981246948242,RR,0.12167620658874512,0.06283140182495117
R,0.036899566650390625,RR,0.0,-0.0009989738464355469
R,0.04089045524597168,RR,0.0,-0.003988981246948242
L,0.034905433654785156,RL,0.14361572265625,0.10272526741027832
L,0.03390908241271973,RL,0.1436166763305664,0.10671710968017578
R,0.016954660415649414,LR,0.07080888748168945,0.0359034538269043
R,0.01795196533203125,LR,0.07081079483032227,0.03690171241760254
R,0.1027231216430664,RR,0.0,-0.01795196533203125
R,0.10671758651733398,RR,0.0,-0.016954660415649414
R,0.10671377182006836,RR,0.0,-0.1027231216430664
R,0.1097116470336914,RR,0.0,-0.10671758651733398
R,0.13463854789733887,RR,0.0,-0.10671377182006836
R,0.1376333236694336,RR,0.0,-0.1097116470336914
L,0.16655540466308594,RL,0.3540537357330322,0.21642041206359863
L,0.1655571460723877,RL,0.3540525436401367,0.21941399574279785
L,0.1904904842376709,LL,0.0,-0.1655571460723877
L,0.19448184967041016,LL,0.0,-0.16655540466308594
R,0.03490567207336426,LR,0.3341062068939209,0.14361572265625
R,0.03990960121154785,LR,0.3341085910797119,0.13962674140930176
L,0.053850650787353516,RL,0.11270427703857422,0.07779860496520996
L,0.053854942321777344,RL,0.115692138671875,0.07578253746032715
L,0.09574127197265625,LL,0.0,-0.053854942321777344
L,0.09773397445678711,LL,0.0,-0.053850650787353516
R,0.04687380790710449,LR,0.18051648139953613,0.08477520942687988
R,0.045877695083618164,LR,0.18350505828857422,0.08577108383178711
L,0.031914710998535156,RL,0.2513270378112793,0.20544934272766113
L,0.034906864166259766,RL,0.25232410430908203,0.20545029640197754
R,0.05584979057312012,LR,0.11170172691345215,0.07978701591491699
R,0.05984139442443848,LR,0.1107029914855957,0.07579612731933594
R,0.07281064987182617,RR,0.0,-0.05584979057312012
R,0.07679629325866699,RR,0.0,-0.05984139442443848
R,0.1047215461730957,RR,0.0,-0.07679629325866699
R,0.1047205924987793,RR,0.0,-0.07281064987182617
L,0.01695418357849121,RL,0.24135518074035645,0.13663458824157715
L,0.019948244094848633,RL,0.24135541915893555,0.13663387298583984
R,0.14760589599609375,LR,0.022937297821044922,0.005983114242553711
R,0.14760541915893555,LR,0.026929378509521484,0.0069811344146728516
L,0.04886937141418457,RL,0.1715404987335205,0.02393507957458496
L,0.05285954475402832,RL,0.17054414749145508,0.022938251495361328
L,0.01795196533203125,LL,0.15558385848999023,0.10671448707580566
L,0.019947052001953125,LL,0.15857648849487305,0.10571694374084473
R,0.040889739990234375,LR,0.027925729751586914,0.007978677749633789
R,0.04388260841369629,LR,0.026929140090942383,0.008977174758911133
R,0.047870635986328125,RR,0.051862239837646484,0.01097249984741211
R,0.049867868423461914,RR,0.05185961723327637,0.007977008819580078
R,0.07779240608215332,RR,0.0,-0.049867868423461914
R,0.07779192924499512,RR,0.0,-0.047870635986328125
R,0.09275031089782715,RR,0.0,-0.07779192924499512
R,0.0957489013671875,RR,0.0,-0.07779240608215332
L,0.024938583374023438,RL,0.3061811923980713,0.2104322910308838
L,0.024928569793701172,RL,0.3071916103363037,0.21444129943847656
R,0.003988027572631836,LR,0.10970878601074219,0.08477020263671875
R,0.0049855709075927734,LR,0.10769915580749512,0.08277058601379395
R,0.0359036922454834,RR,0.0,-0.0049855709075927734
R,0.03690290451049805,RR,0.0,-0.003988027572631836
L,0.0997321605682373,RL,0.03989243507385254,0.003988742828369141
L,0.10172796249389648,RL,0.03889894485473633,0.0019960403442382812
L,0.10970687866210938,LL,0.0,-0.0997321605682373
L,0.11169791221618652,LL,0.0,-0.10172796249389648
L,0.06681942939758301,LL,0.14860081672668457,0.03690290451049805
L,0.06682109832763672,LL,0.1486034393310547,0.03889656066894531
L,0.07679462432861328,LL,0.0,-0.06682109832763672
L,0.07878804206848145,LL,0.0,-0.06681942939758301
R,0.06981539726257324,LR,129.62646484375,129.54767680168152
R,0.07081174850463867,LR,129.62646651268005,129.54967188835144
R,0.08477425575256348,RR,0.21741867065429688,0.14760327339172363
R,0.08377504348754883,RR,0.21941471099853516,0.14860296249389648
L,0.07180523872375488,RL,0.25731468200683594,0.17254042625427246
L,0.07679581642150879,RL,0.2513260841369629,0.16755104064941406
L,0.22041010856628418,LL,6.179481744766235,6.102685928344727
L,0.22440242767333984,LL,6.174490928649902,6.1026856899261475
L,0.29321718215942383,LL,0.0,-0.22440242767333984
L,0.29321765899658203,LL,0.0,-0.22041010856628418
R,0.09674215316772461,LR,36.985127210617065,36.69190955162048
R,0.09773945808410645,LR,36.985127449035645,36.69191026687622
R,0.09873628616333008,LR,1586344696.2417054,1586344696.2417054
L,0.07879257202148438,RL,0.40990424156188965,0.3121647834777832
L,0.07679414749145508,RL,0.4109015464782715,0.3121652603149414
L,0.08078575134277344,RL,0.4089071750640869,0.3121650218963623
R,0.07579874992370605,LR,0.21143531799316406,0.1326427459716797
R,0.054854393005371094,LR,0.2323775291442871,0.15159177780151367
R,0.0448756217956543,LR,0.2423560619354248,0.16556191444396973
L,0.08776569366455078,RL,0.1845073699951172,0.1296529769897461
L,0.08577156066894531,RL,0.20644831657409668,0.13064956665039062
L,0.08776974678039551,RL,0.17353153228759766,0.12865591049194336
R,0.08975625038146973,LR,0.20046758651733398,0.11269783973693848
R,0.09474658966064453,LR,0.19946694374084473,0.11170125007629395
R,0.09474825859069824,LR,0.19846868515014648,0.11269712448120117
R,0.10372233390808105,RR,0.20644879341125488,0.11170053482055664
R,0.10471987724304199,RR,0.20445036888122559,0.11469411849975586
R,0.10372114181518555,RR,0.20844554901123047,0.11369895935058594
L,0.07280302047729492,RL,0.7360315322875977,0.6323103904724121
L,0.07280516624450684,RL,0.7400224208831787,0.6363000869750977
L,0.07579565048217773,RL,0.7380290031433105,0.6333091259002686
L,0.23636937141418457,LL,1.0112950801849365,0.9384899139404297
L,0.23436927795410156,LL,1.015289068222046,0.942486047744751
L,0.23537135124206543,LL,1.0162811279296875,0.9404854774475098
L,0.3041810989379883,LL,0.0,-0.23436927795410156
L,0.3061814308166504,LL,0.0,-0.23636937141418457
L,0.305187463760376,LL,0.0,-0.23537135124206543
L,0.12366724014282227,LL,22.912748098373413,22.607560634613037
L,0.12566256523132324,LL,22.913740158081055,22.609559059143066
L,0.1296536922454834,LL,22.915739059448242,22.609557628631592
L,0.0648195743560791,LL,0.22939157485961914,0.1037290096282959
L,0.06482625007629395,LL,0.23038291931152344,0.10671567916870117
L,0.0648195743560791,LL,0.2303907871246338,0.10073709487915039
R,0.07779288291931152,LR,6.868631839752197,6.803812265396118
R,0.07779288291931152,LR,6.867640495300293,6.802814245223999
R,0.07779169082641602,LR,6.867634534835815,6.802814960479736
L,0.07081151008605957,RL,0.12765836715698242,0.0498654842376709
L,0.07081151008605957,RL,0.12765836715698242,0.0498654842376709
L,0.07180929183959961,RL,0.12765789031982422,0.0498661994934082
R,0.10471916198730469,LR,0.10870981216430664,0.03690052032470703
R,0.10571980476379395,LR,0.1077120304107666,0.03690052032470703
R,0.10571789741516113,LR,0.10870957374572754,0.03789806365966797
R,0.10073161125183105,RR,1.1509230136871338,1.0452051162719727
R,0.09973359107971191,RR,1.1529185771942139,1.04719877243042
R,0.09973359107971191,RR,1.1519205570220947,1.04720139503479
L,0.0827782154083252,RL,0.1186838150024414,0.01795220375061035
L,0.07978606224060059,RL,0.12067794799804688,0.02094435691833496
L,0.08178162574768066,RL,0.1186838150024414,0.018950223922729492
R,0.09774088859558105,LR,0.12366819381713867,0.04088997840881348
R,0.09873652458190918,LR,0.12067604064941406,0.04088997840881348
R,0.0987389087677002,LR,0.12267017364501953,0.04088854789733887
R,0.06183600425720215,RR,30.654051780700684,30.555312871932983
R,0.06283235549926758,RR,30.656047344207764,30.557310819625854
R,0.06382966041564941,RR,30.655050039291382,30.5573091506958
S,0.0857691764831543,RS,0.6422848701477051,0.5804488658905029
S,0.09175658226013184,RS,0.636298418045044,0.5724687576293945
S,0.08876514434814453,RS,0.6392912864685059,0.5764589309692383
R,0.08976006507873535,SR,0.22440075874328613,0.1356356143951416
R,0.08876252174377441,SR,0.22340178489685059,0.1376326084136963
R,0.09175801277160645,SR,0.22739195823669434,0.1356353759765625
R,0.08776235580444336,RR,1.5309112071990967,1.4391531944274902
R,0.08776330947875977,RR,1.5299124717712402,1.4411499500274658
R,0.08876347541809082,RR,1.5299122333526611,1.4401521682739258
R,0.12566161155700684,RR,0.0,-0.08776330947875977
R,0.12566113471984863,RR,0.0,-0.08876347541809082
R,0.12765884399414062,RR,0.0,-0.08776235580444336
R,0.09474635124206543,RR,0.25232410430908203,0.1266624927520752
R,0.09973287582397461,RR,0.24833369255065918,0.12267255783081055
R,0.09973382949829102,RR,0.24933409690856934,0.12167525291442871
L,0.08277463912963867,RL,0.15558362007141113,0.05584979057312012
L,0.08676862716674805,RL,0.15059685707092285,0.05585050582885742
L,0.08776521682739258,RL,0.1545870304107666,0.05485415458679199
L,0.16755223274230957,LL,0.1855006217956543,0.10272598266601562
L,0.16755127906799316,LL,0.18949604034423828,0.1017308235168457
L,0.09175372123718262,LL,0.18051743507385254,0.012965679168701172
L,0.0937504768371582,LL,0.17852210998535156,0.010969877243041992
L,0.09375119209289551,LL,0.17851948738098145,0.010968208312988281
L,0.09574389457702637,LL,0.2204115390777588,0.12666034698486328
L,0.09773850440979004,LL,0.2184152603149414,0.1266615390777588
L,0.09773826599121094,LL,0.22240734100341797,0.12865686416625977
S,0.10870981216430664,LS,0.22340154647827148,0.12566328048706055
S,0.10870814323425293,LS,0.22440075874328613,0.12865686416625977
S,0.11270356178283691,LS,0.22439956665039062,0.12666106224060059
L,0.07778024673461914,SL,0.27826929092407227,0.16556572914123535
L,0.07679605484008789,SL,0.2782564163208008,0.16954827308654785
L,0.07978558540344238,SL,0.2782578468322754,0.16954803466796875
R,0.09574294090270996,LR,0.20444178581237793,0.1266615390777588
R,0.0967409610748291,LR,0.20345497131347656,0.12366938591003418
R,0.09674263000488281,LR,0.20345520973205566,0.12665915489196777
R,0.0937497615814209,RR,0.2702758312225342,0.17453289031982422
R,0.0937502384185791,RR,0.2702767848968506,0.17353582382202148
R,0.09474682807922363,RR,0.26927876472473145,0.17253613471984863
L,0.07480096817016602,RL,0.17752575874328613,0.08377552032470703
L,0.07480502128601074,RL,0.17752528190612793,0.08377552032470703
L,0.07480335235595703,RL,0.1795203685760498,0.08477354049682617
R,0.058844804763793945,LR,0.17453384399414062,0.09972882270812988
R,0.05684781074523926,LR,0.17752575874328613,0.10272479057312012
R,0.058844804763793945,LR,0.17453336715698242,0.09973001480102539
S,0.10571837425231934,RS,0.13763046264648438,0.08078265190124512
S,0.1047201156616211,RS,0.14162230491638184,0.08277750015258789
S,0.10571694374084473,RS,0.14561176300048828,0.08676695823669434
R,0.0857691764831543,SR,1.8540453910827637,1.7483270168304443
R,0.08577275276184082,SR,1.8530457019805908,1.7483255863189697
R,0.08976078033447266,SR,1.8490564823150635,1.7433395385742188
S,0.11269760131835938,RS,0.15259194374084473,0.06682276725769043
S,0.1156928539276123,RS,0.15259122848510742,0.06283044815063477
S,0.1136932373046875,RS,0.15259480476379395,0.06682205200195312
R,0.08077430725097656,SR,0.15259909629821777,0.03890585899353027
R,0.07978487014770508,SR,0.1545884609222412,0.038895606994628906
R,0.0827784538269043,SR,0.15358948707580566,0.04089188575744629
R,0.09075617790222168,RR,0.25232625007629395,0.17254137992858887
R,0.0937507152557373,RR,0.25033044815063477,0.16755199432373047
R,0.09674215316772461,RR,0.24832510948181152,0.16755080223083496
S,0.09674215316772461,RS,0.13164782524108887,0.03789710998535156
S,0.09673953056335449,RS,0.12865591049194336,0.03789973258972168
S,0.09674334526062012,RS,0.13464140892028809,0.03789925575256348
L,0.10272455215454102,SL,1.0232648849487305,0.9265215396881104
L,0.1047203540802002,SL,1.0222644805908203,0.9255249500274658
L,0.10471892356872559,SL,1.024263858795166,0.9275217056274414
L,0.23836302757263184,LL,0.0,-0.1047203540802002
L,0.23736357688903809,LL,0.0,-0.10471892356872559
L,0.2373654842376709,LL,0.0,-0.10272455215454102
L,0.0987405776977539,LL,0.9225335121154785,0.6851680278778076

L,0.10073041915893555,LL,0.9235296249389648,0.6861660480499268
L,0.11967825889587402,LL,0.1795206069946289,0.080780029296875
L,0.12267088890075684,LL,0.17852330207824707,0.07879018783569336
L,0.12267422676086426,LL,0.17852258682250977,0.07779216766357422
L,0.08178091049194336,LL,0.40491652488708496,0.2822456359863281
L,0.08078408241271973,LL,0.4039192199707031,0.2842409610748291
L,0.08177828788757324,LL,0.4059181213378906,0.28324389457702637
S,0.08177947998046875,LS,0.1486039161682129,0.06682300567626953
S,0.08177971839904785,LS,0.14760351181030273,0.06582522392272949
S,0.08177947998046875,LS,0.14960432052612305,0.06882023811340332
L,0.07679486274719238,SL,0.3959376811981201,0.31415820121765137
L,0.07679414749145508,SL,0.3979361057281494,0.31615662574768066
L,0.07580065727233887,SL,0.39893245697021484,0.317152738571167
R,0.10671448707580566,LR,0.5844368934631348,0.5086362361907959
R,0.10671138763427734,LR,0.5884296894073486,0.5116348266601562
R,0.10970783233642578,LR,0.586430549621582,0.509636402130127
L,0.04587531089782715,RL,0.3590428829193115,0.24933505058288574
L,0.05187082290649414,RL,0.3540525436401367,0.24733805656433105
L,0.05086374282836914,RL,0.3540511131286621,0.24733972549438477
L,0.07280397415161133,LL,0.12068057060241699,0.06880974769592285
L,0.07281351089477539,LL,0.11568856239318848,0.06981325149536133
L,0.07180643081665039,LL,0.1206815242767334,0.06981778144836426
R,0.08477449417114258,LR,0.6023871898651123,0.529583215713501
R,0.08177995681762695,LR,0.6053829193115234,0.532569408416748
R,0.0827796459197998,LR,0.6033830642700195,0.5315766334533691
R,0.08477234840393066,RR,0.3640258312225342,0.2822458744049072
R,0.08976197242736816,RR,0.36303186416625977,0.2782573699951172
R,0.09175539016723633,RR,0.3590385913848877,0.2762589454650879
S,0.0578460693359375,RS,0.21342897415161133,0.12865662574768066
S,0.05585050582885742,RS,0.2184140682220459,0.12865209579467773
L,0.07679343223571777,SL,1.5378904342651367,1.4820399284362793
L,0.07779240608215332,SL,1.537886381149292,1.4820380210876465
L,0.07779097557067871,SL,1.5418798923492432,1.4840338230133057
R,0.06582403182983398,LR,0.15259027481079102,0.0747992992401123
R,0.06582355499267578,LR,0.15558314323425293,0.07878971099853516
R,0.06682109832763672,LR,0.15558433532714844,0.07779192924499512
S,0.09674310684204102,RS,0.10970640182495117,0.04388236999511719
S,0.09474635124206543,RS,0.11170125007629395,0.045877695083618164
S,0.0957479476928711,RS,0.11170053482055664,0.04487943649291992
L,0.0498661994934082,SL,0.29920077323913574,0.20345282554626465
L,0.05186581611633301,SL,0.3001980781555176,0.20345497131347656
L,0.051860809326171875,SL,0.3001973628997803,0.20545101165771484
L,0.07280659675598145,LL,0.19946599006652832,0.1476001739501953
L,0.06981348991394043,LL,0.20046424865722656,0.15059804916381836
L,0.07379841804504395,LL,0.19847345352172852,0.14661264419555664
L,0.06681942939758301,LL,0.3789842128753662,0.30518579483032227
L,0.06781959533691406,LL,0.37898707389831543,0.306180477142334
L,0.06682395935058594,LL,0.37898874282836914,0.3091752529144287
R,0.1166849136352539,LR,0.18650412559509277,0.11868453025817871
R,0.11967873573303223,LR,0.18450641632080078,0.11768698692321777
R,0.11968111991882324,LR,0.18151187896728516,0.11468791961669922
L,0.07579565048217773,RL,0.25332164764404297,0.13663673400878906
L,0.07579922676086426,RL,0.2543189525604248,0.13464021682739258
L,0.07779240608215332,RL,0.25531816482543945,0.1356370449066162
L,0.08377575874328613,LL,0.17054319381713867,0.09474754333496094
L,0.08377528190612793,LL,0.17154145240783691,0.0937490463256836
L,0.08577084541320801,LL,0.17054367065429688,0.09474444389343262
S,0.05784201622009277,LS,1.169874906539917,1.084104061126709
S,0.05884146690368652,LS,1.1698729991912842,1.0860977172851562
S,0.06283354759216309,LS,1.1688745021820068,1.0850987434387207
R,0.09275245666503906,SR,0.756974458694458,0.6991324424743652
R,0.0937495231628418,SR,0.7579755783081055,0.6951420307159424
R,0.09374713897705078,SR,0.7569780349731445,0.698136568069458
R,0.11668801307678223,RR,0.13862895965576172,0.045876502990722656
R,0.1156916618347168,RR,0.13962602615356445,0.045876502990722656
R,0.11668968200683594,RR,0.1386270523071289,0.044879913330078125
R,0.05485653877258301,RR,0.3061802387237549,0.19048857688903809
R,0.05585217475891113,RR,0.30718088150024414,0.1904911994934082
R,0.05685138702392578,RR,0.30717921257019043,0.1904911994934082
L,0.06981372833251953,RL,0.44580817222595215,0.39095163345336914
L,0.06981468200683594,RL,0.4448082447052002,0.38895606994628906
L,0.06981158256530762,RL,0.44780564308166504,0.39095425605773926
S,0.06981301307678223,LS,0.17553162574768066,0.10571789741516113
S,0.0688169002532959,LS,0.174530029296875,0.10471844673156738
S,0.0688161849975586,LS,0.17752599716186523,0.1077113151550293
R,0.052857160568237305,SR,1.2925453186035156,1.2227323055267334
R,0.054854393005371094,SR,1.2915470600128174,1.2227301597595215
R,0.19946599006652832,RR,0.0,-0.052857160568237305
R,0.20047521591186523,RR,0.0,-0.054854393005371094
R,0.19946694374084473,RR,0.0,-0.05186200141906738
R,0.08476614952087402,RR,2.2230637073516846,2.0225884914398193
R,0.08576822280883789,RR,2.222062349319458,2.0225954055786133
R,0.09075689315795898,RR,2.222060203552246,2.0225942134857178
L,0.08377718925476074,RL,0.24234557151794434,0.1575794219970703
L,0.08477330207824707,RL,0.24235057830810547,0.15159368515014648
L,0.08378076553344727,RL,0.2433464527130127,0.1575782299041748
R,0.07081031799316406,LR,0.229386568069458,0.14560937881469727
R,0.07280564308166504,LR,0.22838997840881348,0.1436166763305664
R,0.07081127166748047,LR,0.22839069366455078,0.14460992813110352
L,0.07579636573791504,RL,0.2263936996459961,0.15558242797851562
L,0.07579779624938965,RL,0.22938752174377441,0.15857720375061035
L,0.08078503608703613,RL,0.229386568069458,0.15658092498779297
L,0.07978677749633789,LL,0.4228692054748535,0.3420841693878174
L,0.08177876472473145,LL,0.42087745666503906,0.3450796604156494
L,0.07978653907775879,LL,0.4248645305633545,0.34906816482543945
L,0.08178210258483887,LL,0.19647431373596191,0.11668753623962402
L,0.08078598976135254,LL,0.19846677780151367,0.11668801307678223
L,0.08078598976135254,LL,0.19647455215454102,0.11668801307678223
R,0.1107015609741211,LR,0.1376345157623291,0.055852413177490234
R,0.11469435691833496,LR,0.1326446533203125,0.05185866355895996
R,0.11369585990905762,LR,0.13563823699951172,0.05485224723815918
R,0.10072755813598633,RR,0.22141027450561523,0.10771441459655762
R,0.10372328758239746,RR,0.21941161155700684,0.10871005058288574
L,0.08477210998535156,RL,0.14461135864257812,0.0438838005065918
L,0.0797884464263916,RL,0.1515953540802002,0.047872066497802734
L,0.08776664733886719,RL,0.14461302757263184,0.04088902473449707
L,0.05884194374084473,LL,0.1765282154083252,0.0967397689819336

L,0.06482672691345215,LL,0.17752432823181152,0.09275221824645996
R,0.06582307815551758,LR,1.5319042205810547,1.47306227684021
R,0.06682205200195312,LR,1.5348973274230957,1.4740591049194336
R,0.06682181358337402,LR,1.537889003753662,1.47306227684021
R,0.1765279769897461,RR,17.01950192451477,16.953678846359253
R,0.17553114891052246,RR,17.01949977874756,16.952677726745605
R,0.17351555824279785,RR,17.019521713256836,16.952699899673462
R,0.26130056381225586,RR,0.0,-0.1765279769897461
R,0.26030516624450684,RR,0.0,-0.17553114891052246
R,0.26128268241882324,RR,0.0,-0.17351555824279785
L,0.0967409610748291,RL,17.94303274154663,17.681732177734375
L,0.09574007987976074,RL,17.944034576416016,17.68372941017151
L,0.09673762321472168,RL,17.943016290664673,17.68173360824585
L,0.06582188606262207,LL,0.25232672691345215,0.15558576583862305
L,0.06981396675109863,LL,0.24733424186706543,0.1515941619873047
L,0.07280588150024414,LL,0.24434232711791992,0.14760470390319824
R,0.10472321510314941,LR,0.3041846752166748,0.23836278915405273
R,0.1047201156616211,LR,0.31017088890075684,0.2373650074005127
R,0.10372447967529297,LR,0.31017136573791504,0.2403573989868164
R,0.07779240608215332,RR,0.2563138008117676,0.15159058570861816
R,0.07579755783081055,RR,0.2593073844909668,0.1545872688293457
R,0.07978630065917969,RR,0.2543210983276367,0.15059661865234375
L,0.06682085990905762,RL,0.8577086925506592,0.7799162864685059
L,0.07181024551391602,RL,0.8537158966064453,0.7739295959472656
L,0.07081079483032227,RL,0.8537173271179199,0.7779197692871094
R,0.08876419067382812,LR,74.69132685661316,74.6245059967041
R,0.08776521682739258,LR,74.69531679153442,74.62350654602051
R,0.08776450157165527,LR,74.6943199634552,74.62350916862488
R,0.08676791191101074,RR,0.7440106868743896,0.6552464962005615
R,0.08976054191589355,RR,0.7400212287902832,0.6522560119628906
R,0.09275197982788086,RR,0.7380256652832031,0.6502611637115479
L,0.07878708839416504,RL,0.17553281784057617,0.08278083801269531
L,0.0997319221496582,RL,0.14960169792175293,0.06283378601074219
L,0.07779431343078613,RL,0.17752528190612793,0.08776473999023438
S,0.06382989883422852,LS,0.24733638763427734,0.14760446548461914
S,0.06482696533203125,LS,0.22140765190124512,0.14361333847045898
S,0.0777895450592041,LS,0.21342968940734863,0.1346426010131836
L,0.08975934982299805,SL,0.19148850440979004,0.12765860557556152
L,0.08876204490661621,SL,0.19348478317260742,0.12865781784057617
L,0.08776521682739258,SL,0.20644593238830566,0.12865638732910156
R,0.11668729782104492,LR,0.168548583984375,0.07978653907775879
R,0.11369681358337402,LR,0.17253851890563965,0.0827791690826416
R,0.12067723274230957,LR,0.1655571460723877,0.07779192924499512
S,0.0638277530670166,RS,0.14960074424743652,0.0359039306640625
S,0.0688164234161377,RS,0.14760518074035645,0.030917882919311523
S,0.06781911849975586,RS,0.1515965461730957,0.030919313430786133
R,0.10172867774963379,SR,0.49068784713745117,0.42686009407043457
R,0.10272479057312012,SR,0.49567747116088867,0.426861047744751
R,0.10272526741027832,SR,0.4936816692352295,0.42586255073547363
R,0.09973287582397461,RR,0.3730006217956543,0.2702758312225342
R,0.0997314453125,RR,0.37399888038635254,0.2712736129760742
L,0.06782722473144531,RL,0.21741771697998047,0.11768484115600586
L,0.06582403182983398,RL,0.22040534019470215,0.11968088150024414
L,0.06881856918334961,RL,0.21641993522644043,0.11668848991394043
S,0.04088950157165527,LS,0.1765279769897461,0.11070394515991211
S,0.049866437911987305,LS,0.17054462432861328,0.10271739959716797
S,0.047872304916381836,LS,0.17253828048706055,0.10371971130371094
L,0.10671854019165039,SL,4.12696647644043,4.086076974868774
L,0.10671544075012207,SL,4.134945869445801,4.0850794315338135
L,0.10671639442443848,SL,4.133948564529419,4.086076259613037
S,0.09773874282836914,LS,0.24135470390319824,0.13463616371154785
S,0.09773826599121094,LS,0.24235272407531738,0.1356372833251953
S,0.09674334526062012,LS,0.2423539161682129,0.13563752174377441
L,0.0827796459197998,SL,0.23636794090270996,0.13862919807434082
L,0.0827796459197998,SL,0.23337411880493164,0.13663077354431152
L,0.08277678489685059,SL,0.23736882209777832,0.13963055610656738
R,0.10771441459655762,LR,0.15358996391296387,0.07081031799316406
R,0.10671615600585938,LR,0.15458321571350098,0.07180643081665039
R,0.11070442199707031,LR,0.1545865535736084,0.0718069076538086
L,0.023935556411743164,RL,0.31316280364990234,0.20544838905334473
L,0.027925729751586914,RL,0.3061809539794922,0.1994647979736328
L,0.027922630310058594,RL,0.30917835235595703,0.19847393035888672
L,0.08377504348754883,LL,0.0,-0.023935556411743164
L,0.08876276016235352,LL,0.0,-0.027925729751586914
L,0.08875918388366699,LL,0.0,-0.027922630310058594
S,0.0967416763305664,LS,0.267284631729126,0.18350958824157715
S,0.09474635124206543,LS,0.2732698917388916,0.18450713157653809
S,0.0967409610748291,LS,0.2712709903717041,0.1825118064880371
L,0.06881523132324219,SL,6.35700535774231,6.2602643966674805
L,0.07081127166748047,SL,6.355010509490967,6.260264158248901
L,0.0738058090209961,SL,6.357005834579468,6.260264158248901
L,0.07579660415649414,LL,0.16356468200683594,0.08975887298583984
L,0.07679462432861328,LL,0.16356325149536133,0.09275197982788086
L,0.07679486274719238,LL,0.16356301307678223,0.09474778175354004
L,0.00598454475402832,LL,0.30518460273742676,0.22838973999023438
L,0.00897669792175293,LL,0.30717968940734863,0.23038506507873535
L,0.012968063354492188,LL,0.3041849136352539,0.22838830947875977
L,0.15059709548950195,LL,0.0,-0.012968063354492188
L,0.15059876441955566,LL,0.0,-0.00598454475402832
L,0.14960122108459473,LL,0.0,-0.00897669792175293
R,0.06483340263366699,LR,0.35704708099365234,0.2064499855041504
R,0.06782174110412598,LR,0.354053258895874,0.20345449447631836
R,0.06981539726257324,LR,0.3510620594024658,0.2014608383178711
S,0.06383228302001953,RS,0.18550419807434082,0.12067079544067383
S,0.0658271312713623,RS,0.18650102615356445,0.11867928504943848
S,0.06383204460144043,RS,0.18949127197265625,0.11967587471008301
R,0.07679247856140137,SR,56.527884006500244,56.464051723480225
R,0.08477282524108887,SR,56.51990532875061,56.45607328414917
R,0.08178067207336426,SR,56.52389407157898,56.45806694030762
R,0.09075641632080078,RR,0.29121947288513184,0.21442699432373047
R,0.09075713157653809,RR,0.29920029640197754,0.21442747116088867
R,0.08976030349731445,RR,0.2982027530670166,0.21642208099365234
S,0.046875715255737305,RS,1.5398824214935303,1.4491260051727295
S,0.04388236999511719,RS,1.5418779850006104,1.4511208534240723
S,0.04587721824645996,RS,1.5398833751678467,1.4501230716705322
L,0.047868967056274414,SL,0.7460088729858398,0.7021265029907227
L,0.047870635986328125,SL,0.749000072479248,0.7021243572235107
L,0.05186033248901367,SL,0.744011402130127,0.698134183883667
R,0.03690004348754883,LR,0.13762974739074707,0.08976078033447266
R,0.03989291191101074,LR,0.13663458824157715,0.08876395225524902
R,0.04089069366455078,LR,0.13862872123718262,0.08676838874816895
R,0.09973287582397461,RR,0.33809638023376465,0.29720568656921387
R,0.09973263740539551,RR,0.33809614181518555,0.3011960983276367
R,0.10073089599609375,RR,0.3370966911315918,0.29720377922058105
L,0.08078479766845703,RL,0.33011770248413086,0.2293868064880371
L,0.08078455924987793,RL,0.3291187286376953,0.2293860912322998
L,0.07978677749633789,RL,0.3311147689819336,0.23138189315795898
L,0.10671472549438477,LL,0.34408092498779297,0.26329636573791504
L,0.10571718215942383,LL,0.3450779914855957,0.26429319381713867
L,0.10671353340148926,LL,0.345078706741333,0.2652919292449951
R,0.08776402473449707,LR,0.19248723983764648,0.08677005767822266
R,0.08776569366455078,LR,0.19248485565185547,0.0857701301574707
R,0.08776354789733887,LR,0.19248604774475098,0.08577251434326172
R,0.1047205924987793,RR,0.17253828048706055,0.08477425575256348
R,0.10671520233154297,RR,0.17154216766357422,0.08377647399902344
R,0.10471892356872559,RR,0.17154169082641602,0.08377814292907715
R,0.09175395965576172,RR,0.2483372688293457,0.14162206649780273
R,0.09473967552185059,RR,0.24534916877746582,0.14063024520874023
R,0.09773993492126465,RR,0.24534201622009277,0.14062142372131348
S,0.10272526741027832,RS,0.1296546459197998,0.031914710998535156
S,0.10671663284301758,RS,0.1246645450592041,0.03291058540344238
S,0.10471844673156738,RS,0.12865114212036133,0.03391146659851074
L,0.09175491333007812,SL,0.27825355529785156,0.17353510856628418
L,0.0907602310180664,SL,0.2782552242279053,0.17552995681762695
L,0.0907585620880127,SL,0.28324341773986816,0.17652678489685059
R,0.0937495231628418,LR,0.15259242057800293,0.060837507247924805
R,0.09474658966064453,LR,0.15059828758239746,0.059838056564331055
R,0.09474611282348633,LR,0.1515953540802002,0.0608367919921875
S,0.07280659675598145,RS,0.16156864166259766,0.06682205200195312
S,0.07878994941711426,RS,0.15259122848510742,0.057845115661621094
S,0.07978463172912598,RS,0.1545886993408203,0.060839176177978516
L,0.11269855499267578,SL,1.121999979019165,1.0491933822631836
L,0.1156919002532959,SL,1.1249916553497314,1.0462017059326172
L,0.11269927024841309,SL,1.1279823780059814,1.0481977462768555
L,0.08179378509521484,LL,0.27526426315307617,0.1625657081604004
L,0.08177781105041504,LL,0.27427053451538086,0.16157126426696777
L,0.08477115631103516,LL,0.27626490592956543,0.16057300567626953
L,0.1525897979736328,LL,0.15558528900146484,0.07379150390625
L,0.15259408950805664,LL,0.15857386589050293,0.07380270957946777
L,0.15558362007141113,LL,0.15458416938781738,0.07280635833740234
L,0.10471940040588379,LL,0.18550324440002441,0.0329134464263916
L,0.10272097587585449,LL,0.18650531768798828,0.03391122817993164
L,0.10272407531738281,LL,0.18949341773986816,0.03390979766845703
L,0.06383061408996582,LL,0.22040867805480957,0.11768460273742676
L,0.06283259391784668,LL,0.22439885139465332,0.11967945098876953
L,0.06383180618286133,LL,0.22340083122253418,0.12067985534667969
L,0.08775973320007324,LL,71.41124105453491,71.34740924835205
L,0.09075570106506348,LL,71.4122383594513,71.34840774536133
L,0.0937509536743164,LL,71.410240650177,71.34740805625916
R,0.0827784538269043,LR,0.14960122108459473,0.05585026741027832
R,0.08876252174377441,LR,0.1495985984802246,0.05884289741516113
R,0.08876180648803711,LR,0.1495957374572754,0.06183600425720215
L,0.02692890167236328,RL,0.3151564598083496,0.2323780059814453
L,0.024936914443969727,RL,0.31615400314331055,0.22739219665527344
L,0.030917882919311523,RL,0.3141598701477051,0.22539734840393066
L,0.07779216766357422,LL,0.0,-0.02692890167236328
L,0.07480001449584961,LL,0.0,-0.024936914443969727
L,0.07878971099853516,LL,0.0,-0.030917882919311523
R,0.11369585990905762,LR,2.6549036502838135,2.5761139392852783
R,0.11768579483032227,LR,2.6539061069488525,2.5761139392852783
R,0.11668705940246582,LR,2.6529088020324707,2.578108787536621
R,0.051859378814697266,RR,3.625309467315674,3.5076236724853516
R,0.054854393005371094,RR,3.6223158836364746,3.508620023727417
R,0.058843374252319336,RR,3.6193227767944336,3.5026357173919678
R,0.19248390197753906,RR,0.0,-0.051859378814697266
R,0.19747376441955566,RR,0.0,-0.058843374252319336
R,0.19647622108459473,RR,0.0,-0.054854393005371094
R,0.10372257232666016,RR,5.016587972640991,4.824104070663452
R,0.10371017456054688,RR,5.021589040756226,4.82411527633667
R,0.10172724723815918,RR,5.021575927734375,4.82509970664978
R,0.0658259391784668,RR,0.9813756942749023,0.8776531219482422
R,0.06582403182983398,RR,0.9813635349273682,0.8776533603668213
R,0.06582427024841309,RR,0.9803788661956787,0.8786516189575195
R,0.22539782524108887,RR,1.631638526916504,1.565812587738037
R,0.22539806365966797,RR,1.6306424140930176,1.5648183822631836
R,0.22440123558044434,RR,1.630640983581543,1.5648167133331299
R,0.34607481956481934,RR,0.0,-0.22539782524108887
R,0.34607672691345215,RR,0.0,-0.22440123558044434
R,0.3480682373046875,RR,0.0,-0.22539806365966797
L,0.12666058540344238,RL,129.47188138961792,129.1258065700531
L,0.12865805625915527,RL,129.4718794822693,129.1238112449646
L,0.12666034698486328,RL,129.47288036346436,129.1268036365509
L,0.0877537727355957,LL,0.2303934097290039,0.10373306274414062
L,0.08976054191589355,LL,0.23038434982299805,0.10172629356384277
L,0.09075689315795898,LL,0.2293870449066162,0.10272645950317383
R,0.0718088150024414,LR,0.25831031799316406,0.1685497760772705
R,0.07380223274230957,LR,0.2573115825653076,0.16655468940734863
R,0.07480287551879883,LR,0.25530505180358887,0.16755127906799316
R,0.09873461723327637,RR,0.23736834526062012,0.1625654697418213
R,0.09474515914916992,RR,0.2423536777496338,0.16855144500732422
R,0.09973359107971191,RR,0.2373640537261963,0.16555523872375488
L,0.13962697982788086,RL,0.6652204990386963,0.5704753398895264
L,0.13962697982788086,RL,0.6692109107971191,0.5694773197174072
L,0.13962364196777344,RL,0.6712067127227783,0.572472095489502
L,0.1685490608215332,LL,278.5493505001068,278.40972352027893
L,0.16954708099365234,LL,278.54934668540955,278.4097230434418
L,0.16954684257507324,LL,278.5493485927582,278.4097216129303
L,0.14760446548461914,LL,0.41190004348754883,0.24235320091247559
L,0.14860224723815918,LL,0.4109015464782715,0.24235248565673828
L,0.14860177040100098,LL,0.4118990898132324,0.24235200881958008
L,0.15558457374572754,LL,0.3590404987335205,0.21143603324890137
L,0.15658092498779297,LL,0.35804224014282227,0.2094404697418213
L,0.15558362007141113,LL,0.3610348701477051,0.2124326229095459
L,0.15658140182495117,LL,0.3201444149017334,0.16455984115600586
L,0.1545875072479248,LL,0.32114124298095703,0.16456031799316406
L,0.15658283233642578,LL,0.31914687156677246,0.16356325149536133
L,0.15558433532714844,LL,0.29920005798339844,0.14261722564697266
L,0.1545851230621338,LL,0.3001999855041504,0.14561247825622559
L,0.1595771312713623,LL,0.30019640922546387,0.1436150074005127
L,0.13364124298095703,LL,0.3341076374053955,0.1745305061340332
L,0.13663363456726074,LL,0.33011555671691895,0.17553043365478516
L,0.13563752174377441,LL,0.3341069221496582,0.17852258682250977
L,0.15957379341125488,LL,0.3560473918914795,0.22040987014770508
L,0.15657925605773926,LL,0.3580434322357178,0.22440218925476074
L,0.16156983375549316,LL,0.357043981552124,0.22041034698486328
L,0.14561152458190918,LL,0.5535180568695068,0.3969388008117676
L,0.14261817932128906,LL,0.5595059394836426,0.3979361057281494
L,0.14561009407043457,LL,0.5575106143951416,0.3979368209838867
L,0.11469435691833496,LL,0.3979358673095703,0.25531768798828125
L,0.1186835765838623,LL,0.39594149589538574,0.25033140182495117
L,0.12267446517944336,LL,0.39394712448120117,0.248335599899292
L,0.1406259536743164,LL,0.336101770401001,0.21342730522155762
L,0.13962697982788086,LL,0.33011722564697266,0.2154228687286377
L,0.13962364196777344,LL,0.3341100215911865,0.21542644500732422
L,0.14261841773986816,LL,0.3031899929046631,0.16256403923034668
L,0.1406240463256836,LL,0.30318617820739746,0.16356253623962402
L,0.1436166763305664,LL,0.3031895160675049,0.16356253623962402
L,0.13763213157653809,LL,0.33809566497802734,0.19547724723815918
L,0.13863205909729004,LL,0.336101770401001,0.19547772407531738
L,0.13762974739074707,LL,0.3390960693359375,0.1954793930053711
L,0.13663315773010254,LL,0.33510565757751465,0.19747352600097656
L,0.13862967491149902,LL,0.3311121463775635,0.1934823989868164
L,0.142622709274292,LL,0.331113338470459,0.19248127937316895
L,0.14760565757751465,LL,0.28623461723327637,0.14760494232177734
L,0.15059924125671387,LL,0.28324127197265625,0.1466081142425537
L,0.13663411140441895,LL,0.3251309394836426,0.1745316982269287
L,0.13763022422790527,LL,0.3261299133300781,0.17852425575256348
L,0.13962602615356445,LL,0.323134183883667,0.17453360557556152
L,0.13065624237060547,LL,0.28623461723327637,0.14660859107971191
L,0.12965154647827148,LL,0.2862367630004883,0.14960265159606934
L,0.13065409660339355,LL,0.285236120223999,0.14760589599609375
L,0.13663291931152344,LL,0.28025031089782715,0.15059876441955566
L,0.1406238079071045,LL,0.2782561779022217,0.1475999355316162
L,0.13962721824645996,LL,0.2792532444000244,0.14859914779663086
L,0.11668872833251953,LL,0.29421186447143555,0.1575789451599121
L,0.11569046974182129,LL,0.29421353340148926,0.1545863151550293
L,0.11369490623474121,LL,0.29920101165771484,0.15857720375061035
L,0.11768555641174316,LL,0.2792539596557617,0.1625652313232422
L,0.11469292640686035,LL,0.2822456359863281,0.16655516624450684
L,0.11868143081665039,LL,0.27725911140441895,0.16356420516967773
L,0.13065099716186523,LL,0.28822970390319824,0.17054414749145508
L,0.13364338874816895,LL,0.2842378616333008,0.1655564308166504
L,0.1326444149017334,LL,0.28523874282836914,0.1705458164215088
L,0.1346423625946045,LL,0.35206007957458496,0.21841669082641602
L,0.12666010856628418,LL,0.35704612731933594,0.2263951301574707
L,0.13464021682739258,LL,0.3510599136352539,0.2184154987335205
L,0.13763213157653809,LL,0.27526259422302246,0.14860248565673828
L,0.13962674140930176,LL,0.28324246406555176,0.14860010147094727
L,0.10372185707092285,LL,0.2623004913330078,0.12466835975646973
L,0.1057124137878418,LL,0.26030874252319336,0.1206820011138916
L,0.1077120304107666,LL,0.257312536239624,0.12167549133300781
L,0.13064813613891602,LL,0.24933481216430664,0.1456129550933838
L,0.13164901733398438,LL,0.2533223628997803,0.14561033248901367
L,0.1326463222503662,LL,0.2513234615325928,0.14561104774475098
L,0.12067675590515137,LL,0.26927757263183594,0.13862943649291992
L,0.12267231941223145,LL,0.26927995681762695,0.13763093948364258
L,0.10870814323425293,LL,0.30717968940734863,0.1874995231628418
L,0.1136937141418457,LL,0.3051877021789551,0.18251538276672363
L,0.11568975448608398,LL,0.3061830997467041,0.18550634384155273
L,0.1326460838317871,LL,0.25830769538879395,0.14261794090270996
L,0.1326460838317871,LL,0.2563133239746094,0.14760518074035645
L,0.1326436996459961,LL,0.2603025436401367,0.14660882949829102
L,0.1466069221496582,LL,0.817812442779541,0.6851687431335449
L,0.1486036777496338,LL,0.8198084831237793,0.6871623992919922
L,0.14760661125183105,LL,0.8208062648773193,0.6881601810455322
L,0.1326444149017334,LL,0.38197922706604004,0.23337554931640625
L,0.13663506507873535,LL,0.37699174880981445,0.2293851375579834
L,0.13463997840881348,LL,0.38197875022888184,0.23537182807922363
L,0.13164758682250977,LL,0.3829770088195801,0.2503325939178467
L,0.12865662574768066,LL,0.38796234130859375,0.2513272762298584
L,0.13264679908752441,LL,0.3829765319824219,0.2483365535736084
L,0.09773802757263184,LL,1.4481279850006104,1.315481185913086
L,0.09873652458190918,LL,1.4481289386749268,1.319472312927246
L,0.10172867774963379,LL,1.4481277465820312,1.3164801597595215
L,0.0827794075012207,LL,1.2536487579345703,1.1549122333526611
L,0.08577084541320801,LL,1.254645824432373,1.1569077968597412
L,0.08377861976623535,LL,1.2586369514465332,1.1569082736968994
L,0.07579970359802246,LL,1.4610936641693115,1.3753228187561035
L,0.07779288291931152,LL,1.4541103839874268,1.3703317642211914
L,0.0797882080078125,LL,1.457104206085205,1.3743247985839844
L,0.06083798408508301,LL,0.39095473289489746,0.31316184997558594
L,0.058846473693847656,LL,0.39095520973205566,0.3151555061340332
L,0.06183457374572754,LL,0.3919529914855957,0.3121647834777832
L,0.10671210289001465,LL,0.29321861267089844,0.2313840389251709
L,0.1077125072479248,LL,0.2922186851501465,0.23138070106506348
L,0.10671448707580566,LL,0.2932162284851074,0.23436975479125977
L,0.09773826599121094,LL,0.3610355854034424,0.2533230781555176
L,0.09773755073547363,LL,0.3620302677154541,0.25531816482543945
L,0.09873533248901367,LL,0.3580434322357178,0.2513289451599121
L,0.0937492847442627,LL,0.29122042655944824,0.1934828758239746

L,0.09674191474914551,LL,0.2922182083129883,0.1934828758239746
L,0.09474515914916992,LL,0.37898707389831543,0.2822451591491699
L,0.09973454475402832,LL,0.3749966621398926,0.2812473773956299
L,0.09973311424255371,LL,0.3779895305633545,0.28324317932128906
L,0.10870862007141113,LL,0.48370790481567383,0.3839733600616455
L,0.11270022392272949,LL,0.47971630096435547,0.37998318672180176
L,0.11169886589050293,LL,0.48171424865722656,0.38696908950805664
L,0.1156916618347168,LL,0.26728224754333496,0.15558338165283203
L,0.11269736289978027,LL,0.27127575874328613,0.15857553482055664
L,0.11270022392272949,LL,0.27227258682250977,0.16356396675109863
L,0.1406235694885254,LL,0.32114338874816895,0.20545172691345215
L,0.14062213897705078,LL,0.32114601135253906,0.2084486484527588
L,0.1416172981262207,LL,0.31815338134765625,0.20545315742492676
L,0.13663458824157715,LL,0.3311145305633545,0.1904909610748291
L,0.13962793350219727,LL,0.326122522354126,0.1855003833770752
L,0.1406238079071045,LL,0.32811856269836426,0.18650126457214355
L,0.11568999290466309,LL,0.3291208744049072,0.18849706649780273
L,0.11968064308166504,LL,0.32512974739074707,0.18849515914916992
L,0.11070418357849121,LL,0.28922605514526367,0.1715400218963623
L,0.11170196533203125,LL,0.2902243137359619,0.17054367065429688
L,0.11070370674133301,LL,0.2902240753173828,0.17453408241271973
L,0.1047210693359375,LL,0.2932164669036865,0.1825122833251953
L,0.10372114181518555,LL,0.2922196388244629,0.18151593208312988
L,0.10671305656433105,LL,0.29421520233154297,0.18251323699951172
L,0.12366747856140137,LL,0.25531935691833496,0.15059828758239746
L,0.11768531799316406,LL,0.2603025436401367,0.15658140182495117
L,0.12566542625427246,LL,0.25332117080688477,0.1466081142425537
L,0.12566375732421875,LL,0.32213687896728516,0.1984694004058838
L,0.12466263771057129,LL,0.32413816452026367,0.1984727382659912
L,0.12765884399414062,LL,0.31615471839904785,0.1984694004058838
L,0.13263440132141113,LL,0.2662990093231201,0.14063525199890137
L,0.13164806365966797,LL,0.2682831287384033,0.1406242847442627
L,0.13364315032958984,LL,0.2652859687805176,0.1406233310699463
L,0.11768507957458496,LL,0.29122161865234375,0.15957355499267578
L,0.1186821460723877,LL,0.2932167053222656,0.15957355499267578
L,0.1186826229095459,LL,0.2942039966583252,0.16156959533691406
L,0.12765955924987793,LL,0.307178258895874,0.18849611282348633
L,0.12865543365478516,LL,0.3061816692352295,0.1874990463256836
L,0.12766146659851074,LL,0.3091728687286377,0.19148778915405273
L,0.07679557800292969,LL,1.199791669845581,1.071136236190796
L,0.07480025291442871,LL,1.198796033859253,1.0711345672607422
L,0.07878756523132324,LL,1.1987972259521484,1.0711376667022705
L,0.08078432083129883,LL,0.45977115631103516,0.38297557830810547
L,0.08177971839904785,LL,0.4577772617340088,0.3829770088195801
L,0.07878947257995605,LL,0.4617650508880615,0.3829774856567383
L,2.6080286502838135,LL,0.0,-0.08078432083129883
L,2.6080262660980225,LL,0.0,-0.08177971839904785
L,2.606031894683838,LL,0.0,-0.07878947257995605
L,0.1047201156616211,LL,31.028611660003662,28.42058300971985
L,0.1047205924987793,LL,31.0266170501709,28.42058515548706
L,0.10471916198730469,LL,31.030606269836426,28.422580003738403
L,0.3969390392303467,LL,0.0,-0.1047201156616211
L,0.39594125747680664,LL,0.0,-0.10471916198730469
L,0.39893388748168945,LL,0.0,-0.1047205924987793
